episodeId,seed,scenarioId,mode,startTime,endTime,duration,terminationReason,success,timeToCapture,totalReward,epsilonUsed,action0_count,action1_count,action2_count,action3_count,action4_count,action5_count,action6_count,action7_count,action0_time,action1_time,action2_time,action3_time,action4_time,action5_time,action6_time,action7_time,uniqueStatesVisited,firstContactTime,tdErrorMean,useLearning,useHeat
1,-529993827,default,TRAIN,0,911.8659,911.8659,QUEST_COMPLETE,0,-1,0,0.3,12,0,0,16,42,2,3,0,443.9064,0,0,162.2456,239.6201,25.59572,30.61047,0,0,-1,0.306297,1,1
2,-529993827,default,TRAIN,912.9033,1226.356,313.4531,CAPTURE,0,-1,0,0.2985,4,0,0,5,12,0,1,0,103.0975,0,0,65.54504,83.59027,0,15.25903,0,0,-1,0.2358762,1,1
3,-529993827,default,TRAIN,1227.601,1558.332,330.731,CAPTURE,0,-1,0,0.2970075,3,0,0,3,21,0,0,0,132.1013,0,0,43.3894,116.2021,0,0,0,0,-1,0.7156389,1,1
4,-529993827,default,TRAIN,1559.493,1608.528,49.03467,CAPTURE,0,-1,0,0.2955225,0,1,0,0,3,0,0,0,0,15.19812,0,0,22.00781,0,0,0,0,-1,1.163015,1,1
5,-529993827,default,TRAIN,1609.823,1717.107,107.2834,CAPTURE,0,-1,0,0.2940449,1,0,0,7,7,0,0,0,45.17505,0,0,52.8999,2.069702,0,0,0,0,-1,1.090585,1,1
6,-529993827,default,TRAIN,1718.426,2004.351,285.9249,CAPTURE,0,-1,0,0.2925746,2,0,0,13,10,0,0,0,29.5957,0,0,135.7346,93.72644,0,0,0,0,-1,0.482271,1,1
7,-529993827,default,TRAIN,2005.406,2409.162,403.7565,CAPTURE,0,-1,0,0.2911118,5,0,0,9,26,1,3,0,202.5815,0,0,31.11865,97.46777,14.74658,24.46045,0,0,-1,0.541345,1,1
8,-529993827,default,TRAIN,2410.191,2864.634,454.4426,CAPTURE,0,-1,0,0.2896562,7,0,0,10,24,0,0,0,256.5068,0,0,120.7,50.01294,0,0,0,0,-1,0.4252702,1,1
9,-529993827,default,TRAIN,2865.726,3296.838,431.1123,CAPTURE,0,-1,0,0.2882079,2,0,0,17,11,0,0,0,90.27441,0,0,225.4995,98.29834,0,0,0,0,-1,0.5344456,1,1
10,-529993827,default,TRAIN,3297.972,3829.361,531.3889,QUEST_COMPLETE,0,-1,0,0.2867669,2,0,0,11,40,0,11,0,90.12988,0,0,102.5479,234.1497,0,84.27881,0,0,-1,0.3625857,1,1
11,-529993827,default,TRAIN,3830.372,4218.859,388.4878,CAPTURE,0,-1,0,0.2853331,5,0,0,4,11,1,1,0,201.8848,0,0,65.80273,79.57251,15.08838,13.16016,0,0,-1,0.964878,1,1
12,-529993827,default,TRAIN,4220.051,4259.597,39.5459,CAPTURE,0,-1,0,0.2839064,1,0,0,0,4,0,0,0,0,0,0,0,9.740723,0,0,0,0,-1,0.7134129,1,1
13,-529993827,default,TRAIN,4260.61,4970.961,710.3511,QUEST_COMPLETE,0,-1,0,0.2824869,7,0,0,22,26,0,2,0,286.561,0,0,218.3726,134.7842,0,29.40723,0,0,-1,0.4191169,1,1
14,-529993827,default,TRAIN,4972.103,5462.75,490.6475,QUEST_COMPLETE,0,-1,0,0.2810745,4,0,0,12,17,1,1,0,103.1567,0,0,156.4482,172.3452,15.07568,12.62451,0,0,-1,0.3017536,1,1
15,-529993827,default,TRAIN,5463.874,5939.313,475.439,CAPTURE,0,-1,0,0.2796691,3,0,0,25,10,0,0,0,129.686,0,0,269.2275,32.51367,0,0,0,0,-1,0.7578487,1,1
16,-529993827,default,TRAIN,5940.557,5997.412,56.85498,CAPTURE,0,-1,0,0.2782708,0,1,0,3,6,1,0,0,0,8.038086,0,43.00732,1.663574,0,0,0,0,-1,1.138126,1,1
17,-529993827,default,TRAIN,5998.53,6088.108,89.57813,CAPTURE,0,-1,0,0.2768794,0,0,0,3,3,0,0,0,0,0,0,48.4541,21.68115,0,0,0,0,-1,1.147422,1,1
18,-529993827,default,TRAIN,6089.228,6362.806,273.5781,CAPTURE,0,-1,0,0.275495,3,1,0,9,8,1,1,0,90.51318,15.16748,0,109.354,27.84863,9.683594,2.703613,0,0,-1,0.4021193,1,1
19,-529993827,default,TRAIN,6364.064,6436.565,72.50146,CAPTURE,0,-1,0,0.2741175,0,0,0,4,0,0,0,0,0,0,0,40.4707,0,0,0,0,0,-1,2.025718,1,1
20,-529993827,default,TRAIN,6437.687,6444.685,6.998047,CAPTURE,0,-1,0,0.272747,0,0,0,1,0,0,0,0,0,0,0,0,0,0,0,0,0,-1,4.798274,1,1
21,-529993827,default,TRAIN,6445.875,6838.585,392.7109,QUEST_COMPLETE,0,-1,0,0.2713832,3,0,0,12,9,0,1,0,119.3247,0,0,121.4067,91.5752,0,15.0542,0,0,-1,0.6276315,1,1
22,-529993827,default,TRAIN,6839.627,6898.5,58.87207,CAPTURE,0,-1,0,0.2700263,1,0,0,8,1,0,0,0,0,0,0,11.5415,0.3046875,0,0,0,0,-1,0.3401961,1,1
23,-529993827,default,TRAIN,6899.684,7383.628,483.9438,QUEST_COMPLETE,0,-1,0,0.2686762,5,0,0,12,16,2,1,0,120.4131,0,0,143.6436,139.9814,28.06104,15.01953,0,0,-1,0.5310275,1,1
24,-529993827,default,TRAIN,7384.642,7777.511,392.8691,CAPTURE,0,-1,0,0.2673328,7,0,0,11,2,0,2,0,210.8228,0,0,132.5898,15.43799,0,25.05811,0,0,-1,0.3267232,1,1
25,-529993827,default,TRAIN,7778.549,8462.397,683.8486,QUEST_COMPLETE,0,-1,0,0.2659961,9,0,0,18,8,0,3,0,318.0371,0,0,204.9399,80.41846,0,22.32227,0,0,-1,0.3495427,1,1
26,-529993827,default,TRAIN,8463.404,8506.243,42.83887,CAPTURE,0,-1,0,0.2646661,1,0,0,0,0,0,0,0,0,0,0,0,0,0,0,0,0,-1,0.2760149,1,1
27,-529993827,default,TRAIN,8507.323,8576.776,69.45313,CAPTURE,0,-1,0,0.2633428,1,0,0,2,2,0,0,0,4.694336,0,0,21.16113,4.983398,0,0,0,0,-1,1.895983,1,1
28,-529993827,default,TRAIN,8577.835,8783.34,205.5049,CAPTURE,0,-1,0,0.2620261,4,0,0,2,6,0,0,0,176.2686,0,0,4.125977,20.61523,0,0,0,0,-1,1.341594,1,1
29,-529993827,default,TRAIN,8784.439,8958.094,173.6543,CAPTURE,0,-1,0,0.2607159,1,0,0,4,9,0,5,0,9.292969,0,0,18.13965,108.4092,0,15.6875,0,0,-1,1.034607,1,1
30,-529993827,default,TRAIN,8959.157,9214.67,255.5127,CAPTURE,0,-1,0,0.2594123,2,0,0,18,3,0,0,0,84.12109,0,0,148.9971,10.75391,0,0,0,0,-1,0.8708977,1,1
31,-529993827,default,TRAIN,9216.054,9409.189,193.1357,CAPTURE,0,-1,0,0.2581153,3,0,0,9,3,3,2,0,84.86914,0,0,28.71777,0.8847656,27.4668,24.54297,0,0,-1,0.3136706,1,1
32,-529993827,default,TRAIN,9410.234,10476,1065.763,QUEST_COMPLETE,0,-1,0,0.2568247,11,0,0,30,33,6,4,0,407.8164,0,0,401.4102,121.29,68.26367,47.97266,0,0,-1,0.3186312,1,1
33,-529993827,default,TRAIN,10477.14,10758.67,281.5332,CAPTURE,0,-1,0,0.2555406,3,0,0,2,12,0,0,0,113.1875,0,0,24.00488,114.6533,0,0,0,0,-1,0.9519191,1,1
34,-529993827,default,TRAIN,10759.69,10840.3,80.60449,CAPTURE,0,-1,0,0.2542629,1,0,0,2,0,0,0,0,0,0,0,40.12207,0,0,0,0,0,-1,0.97629,1,1
35,-529993827,default,TRAIN,10841.52,11511.52,670,QUEST_COMPLETE,0,-1,0,0.2529916,7,0,0,14,11,0,1,0,248.417,0,0,223.5674,111.4834,0,15.06543,0,0,-1,0.289584,1,1
36,-529993827,default,TRAIN,11512.57,11926.52,413.9512,CAPTURE,0,-1,0,0.2517266,1,0,0,17,9,0,0,0,45.83105,0,0,242.6953,104.1572,0,0,0,0,-1,0.6564021,1,1
37,-529993827,default,TRAIN,11927.55,11976.55,49.00391,CAPTURE,0,-1,0,0.250468,0,0,0,0,2,0,0,0,0,0,0,0,3.025391,0,0,0,0,-1,3.804163,1,1
38,-529993827,default,TRAIN,11977.74,12427.89,450.1494,QUEST_COMPLETE,0,-1,0,0.2492156,2,0,0,18,25,0,7,0,45.21094,0,0,177.5537,168.0723,0,39.00586,0,0,-1,0.5390699,1,1
39,-529993827,default,TRAIN,12429.06,12919.14,490.0801,QUEST_COMPLETE,0,-1,0,0.2479695,6,0,0,18,10,2,2,0,209.4023,0,0,152.3604,44.12988,24.58594,18.53223,0,0,-1,0.435029,1,1
40,-529993827,default,TRAIN,12920.26,13011.7,91.44434,CAPTURE,0,-1,0,0.2467297,2,0,0,8,1,0,0,0,39.12695,0,0,11.38086,0.2851563,0,0,0,0,-1,0.1898423,1,1
41,-529993827,default,TRAIN,13012.86,13178.2,165.3398,CAPTURE,0,-1,0,0.245496,2,0,0,6,0,0,0,0,89.20508,0,0,55.37305,0,0,0,0,0,-1,1.273798,1,1
42,-529993827,default,TRAIN,13179.38,13701.12,521.7402,QUEST_COMPLETE,0,-1,0,0.2442686,2,0,0,14,22,0,9,0,29.15918,0,0,186.708,203.8379,0,61.63574,0,0,-1,0.3071602,1,1
43,-529993827,default,TRAIN,13702.18,13920.96,218.7881,QUEST_COMPLETE,0,-1,0,0.2430472,1,1,0,6,5,0,6,0,29.21582,5.000977,0,71.37109,47.75293,0,44.72363,0,0,-1,0.6118349,1,1
44,-529993827,default,TRAIN,13922.1,14145.97,223.8721,CAPTURE,0,-1,0,0.241832,0,0,0,8,6,0,0,0,0,0,0,130.5127,61.58203,0,0,0,0,-1,0.9677082,1,1
45,-529993827,default,TRAIN,14147.04,14505.33,358.2881,QUEST_COMPLETE,0,-1,0,0.2406228,4,0,0,2,7,4,11,0,169.0469,0,0,18.55176,56.13965,52.91016,60.68555,0,0,-1,0.6715691,1,1
46,-529993827,default,TRAIN,14506.43,14829.69,323.2598,QUEST_COMPLETE,0,-1,0,0.2394197,3,0,0,4,9,0,9,0,90.13184,0,0,41.8252,88.6123,0,47.53418,0,0,-1,0.2873287,1,1
47,-529993827,default,TRAIN,14830.79,15412.37,581.585,CAPTURE,0,-1,0,0.2382226,2,0,0,24,23,0,11,0,90.12598,0,0,304.9414,109.543,0,69.8457,0,0,-1,0.4111426,1,1
48,-529993827,default,TRAIN,15413.47,15695.5,282.0352,QUEST_COMPLETE,0,-1,0,0.2370315,1,0,0,11,7,0,12,0,28.87793,0,0,121.2363,46.38184,0,81.30273,0,0,-1,0.6405968,1,1
49,-529993827,default,TRAIN,15696.6,15840.2,143.6074,CAPTURE,0,-1,0,0.2358463,1,0,0,0,7,2,5,0,0,0,0,0,43.88086,30.22363,28.51758,0,0,-1,0.3613477,1,1
50,-529993827,default,TRAIN,15841.29,16415.08,573.7949,QUEST_COMPLETE,0,-1,0,0.2346671,5,0,0,3,16,12,5,0,167.4531,0,0,55.22852,107.2432,133.9893,50.44336,0,0,-1,0.3613424,1,1
51,-529993827,default,TRAIN,16416.29,16534.64,118.3516,CAPTURE,0,-1,0,0.2334938,2,0,0,4,4,0,0,0,86.18359,0,0,12.67188,4.619141,0,0,0,0,-1,0.9739695,1,1
52,-529993827,default,TRAIN,16535.92,16841.77,305.8535,QUEST_COMPLETE,0,-1,0,0.2323263,1,0,0,15,16,0,2,0,45.05859,0,0,150.5293,90.70508,0,15.125,0,0,-1,0.4585445,1,1
53,-529993827,default,TRAIN,16842.91,17019.28,176.373,CAPTURE,0,-1,0,0.2311647,0,0,0,8,8,0,0,0,0,0,0,77.45313,68.14453,0,0,0,0,-1,0.8941412,1,1
54,-529993827,default,TRAIN,17020.44,17436.29,415.8477,QUEST_COMPLETE,0,-1,0,0.2300089,5,0,0,19,12,0,0,0,203.5898,0,0,146.9082,55.18164,0,0,0,0,-1,0.6495239,1,1
55,-529993827,default,TRAIN,17437.48,17495.82,58.34375,CAPTURE,0,-1,0,0.2288588,1,0,0,7,1,0,0,0,0,0,0,43.13867,1.857422,0,0,0,0,-1,0.494026,1,1
56,-529993827,default,TRAIN,17496.97,17997.62,500.6445,QUEST_COMPLETE,0,-1,0,0.2277145,7,0,0,11,4,3,3,0,251.5117,0,0,142.2422,25.21875,21.5957,25.4707,0,0,-1,0.4545246,1,1
57,-529993827,default,TRAIN,17998.71,18079.62,80.91211,CAPTURE,0,-1,0,0.226576,0,0,0,5,0,0,0,0,0,0,0,63.03906,0,0,0,0,0,-1,1.933812,1,1
58,-529993827,default,TRAIN,18080.74,18366.2,285.4531,CAPTURE,0,-1,0,0.2254431,5,0,0,4,2,0,1,0,173.5703,0,0,47.72656,20.34375,0,5.619141,0,0,-1,1.595857,1,1
59,-529993827,default,TRAIN,18367.27,18485.14,117.8633,CAPTURE,0,-1,0,0.2243159,1,0,0,1,1,2,3,0,42.82031,0,0,15.4082,15.16016,14.4082,13.37891,0,0,-1,1.679402,1,1
60,-529993827,default,TRAIN,18486.35,18803.48,317.1387,CAPTURE,0,-1,0,0.2231943,6,0,0,14,6,3,0,0,179.0508,0,0,86.06055,20.76563,20.20313,0,0,0,-1,0.4444604,1,1
61,-529993827,default,TRAIN,18804.59,19199.34,394.752,QUEST_COMPLETE,0,-1,0,0.2220783,6,0,0,10,7,0,1,0,221.6875,0,0,78.38477,45.25391,0,15.14453,0,0,-1,0.3856564,1,1
62,-529993827,default,TRAIN,19200.44,19746.84,546.4004,QUEST_COMPLETE,0,-1,0,0.2209679,4,0,0,7,24,8,7,0,134.6406,0,0,75.5918,113.1191,110.6934,87.95117,0,0,-1,0.5255557,1,1
63,-529993827,default,TRAIN,19747.95,20129.49,381.541,CAPTURE,0,-1,0,0.2198631,3,0,0,21,13,1,2,0,122.625,0,0,76.58984,86.3457,13.57813,27.79688,0,0,-1,0.517252,1,1
64,-529993827,default,TRAIN,20130.71,20212.42,81.71289,CAPTURE,0,-1,0,0.2187638,2,0,0,0,3,0,0,0,45.18359,0,0,0,0.9316406,0,0,0,0,-1,0.7825739,1,1
65,-529993827,default,TRAIN,20213.48,20484.33,270.8574,CAPTURE,0,-1,0,0.2176699,5,0,0,2,11,0,0,0,136.4355,0,0,4.173828,118.0195,0,0,0,0,-1,0.8871865,1,1
66,-529993827,default,TRAIN,20485.48,21006.33,520.8535,QUEST_COMPLETE,0,-1,0,0.2165816,7,0,0,8,14,3,22,0,214.0449,0,0,105.5371,19.5,41.73438,121.9883,0,0,-1,0.2940013,1,1
67,-529993827,default,TRAIN,21007.38,21183.26,175.877,CAPTURE,0,-1,0,0.2154987,3,0,0,0,9,0,0,0,115.207,0,0,0,33.74805,0,0,0,0,-1,0.9773966,1,1
68,-529993827,default,TRAIN,21184.38,21251.86,67.48242,CAPTURE,0,-1,0,0.2144212,1,0,0,0,1,0,0,0,0,0,0,0,10.98828,0,0,0,0,-1,1.097762,1,1
69,-529993827,default,TRAIN,21252.95,21349.47,96.52344,CAPTURE,0,-1,0,0.2133491,0,0,0,4,3,2,0,0,0,0,0,65.04102,0.5703125,14.2168,0,0,0,-1,1.677335,1,1
70,-529993827,default,TRAIN,21350.53,21827.1,476.5781,QUEST_COMPLETE,0,-1,0,0.2122823,6,0,0,17,24,2,4,0,270.6094,0,0,111.4121,36.12109,27.32617,19.16406,0,0,-1,0.5281432,1,1
71,-529993827,default,TRAIN,21828.15,22355.11,526.9668,QUEST_COMPLETE,0,-1,0,0.2112209,2,0,0,18,17,8,11,0,42.61133,0,0,216.7129,59.62891,81.83594,94.23438,0,0,-1,0.4651431,1,1
72,-529993827,default,TRAIN,22356.27,22466.31,110.0371,CAPTURE,0,-1,0,0.2101648,1,0,0,0,3,0,0,0,0,0,0,0,34.25195,0,0,0,0,-1,0.2991917,1,1
73,-529993827,default,TRAIN,22467.31,22938.72,471.4102,QUEST_COMPLETE,0,-1,0,0.209114,7,0,0,25,31,0,0,0,238.7402,0,0,159.8984,51.40625,0,0,0,0,-1,0.3692877,1,1
74,-529993827,default,TRAIN,22939.84,23059.86,120.0137,CAPTURE,0,-1,0,0.2080684,1,0,0,3,3,0,1,0,1.068359,0,0,47.93359,34.48828,0,0,0,0,-1,0.9969639,1,1
75,-529993827,default,TRAIN,23060.92,23758.26,697.3379,QUEST_COMPLETE,0,-1,0,0.2070281,11,1,0,13,14,4,2,0,373.1289,4.853516,0,116.2793,111.8828,51.32227,15.52344,0,0,-1,0.4140632,1,1
76,-529993827,default,TRAIN,23759.28,23855.21,95.92188,CAPTURE,0,-1,0,0.205993,1,0,0,4,5,0,0,0,45.17969,0,0,16.12891,10.81641,0,0,0,0,-1,1.202708,1,1
77,-529993827,default,TRAIN,23856.29,23954.21,97.92383,CAPTURE,0,-1,0,0.204963,1,0,0,7,0,0,0,0,39.1582,0,0,9.207031,0,0,0,0,0,-1,1.231877,1,1
78,-529993827,default,TRAIN,23955.43,24325.58,370.1582,QUEST_COMPLETE,0,-1,0,0.2039382,4,0,0,11,8,0,3,0,119.4219,0,0,102.9043,77.19531,0,32.75781,0,0,-1,0.4203022,1,1
79,-529993827,default,TRAIN,24326.62,24975.54,648.9121,QUEST_COMPLETE,0,-1,0,0.2029185,4,0,0,13,26,8,8,0,118.9707,0,0,196.1543,151.4219,88.39648,55.3125,0,0,-1,0.3957078,1,1
80,-529993827,default,TRAIN,24976.6,25091.82,115.2227,CAPTURE,0,-1,0,0.2019039,2,0,0,1,4,0,0,0,83.98047,0,0,0,1.162109,0,0,0,0,-1,1.735762,1,1
81,-529993827,default,TRAIN,25093,25486.22,393.2129,QUEST_COMPLETE,0,-1,0,0.2008944,6,2,0,5,4,5,2,0,192.1113,6.015625,0,71.5293,28.5957,43.78711,28.86328,0,0,-1,0.4279339,1,1
82,-529993827,default,TRAIN,25487.23,25943.79,456.5645,QUEST_COMPLETE,0,-1,0,0.1998899,4,1,0,7,5,5,6,0,169.0801,4.962891,0,93.94336,39.84766,67.17578,51.49609,0,0,-1,0.5073593,1,1
83,-529993827,default,TRAIN,25944.96,25981.66,36.69922,CAPTURE,0,-1,0,0.1988904,1,0,0,0,2,0,0,0,0,0,0,0,28.67773,0,0,0,0,-1,0.5272576,1,1
84,-529993827,default,TRAIN,25982.74,26162.4,179.6621,CAPTURE,0,-1,0,0.197896,1,0,0,4,7,0,1,0,45.06836,0,0,40.3418,30.14258,0,15.05273,0,0,-1,1.113482,1,1
85,-529993827,default,TRAIN,26163.54,26464.16,300.6152,QUEST_COMPLETE,0,-1,0,0.1969065,7,1,0,6,3,0,3,0,179.8711,4.652344,0,73.41016,0.875,0,24.26563,0,0,-1,0.7903982,1,1
86,-529993827,default,TRAIN,26465.18,26799.66,334.4863,QUEST_COMPLETE,0,-1,0,0.195922,5,0,0,6,5,0,1,0,199.2559,0,0,88.7168,1.447266,0,5.910156,0,0,-1,0.6415489,1,1
87,-529993827,default,TRAIN,26800.72,27121.74,321.0234,CAPTURE,0,-1,0,0.1949424,5,0,0,3,2,0,11,0,180.4961,0,0,38.6582,13.57813,0,71.23633,0,0,-1,0.3863265,1,1
88,-529993827,default,TRAIN,27122.77,27234.48,111.7129,CAPTURE,0,-1,0,0.1939677,1,0,0,3,0,0,0,0,0,0,0,33.22461,0,0,0,0,0,-1,0.1756756,1,1
89,-529993827,default,TRAIN,27235.52,27393.78,158.2637,CAPTURE,0,-1,0,0.1929978,1,0,0,7,4,0,0,0,45.14258,0,0,101.3203,5.650391,0,0,0,0,-1,1.083629,1,1
90,-529993827,default,TRAIN,27394.9,27536.45,141.5527,CAPTURE,0,-1,0,0.1920328,1,0,0,0,7,0,0,0,42.16406,0,0,0,41.88086,0,0,0,0,-1,1.191124,1,1
91,-529993827,default,TRAIN,27537.54,27897.94,360.3945,QUEST_COMPLETE,0,-1,0,0.1910727,6,0,0,0,7,3,3,0,258.2207,0,0,0,61.55078,27,9.923828,0,0,-1,0.6912038,1,1
92,-529993827,default,TRAIN,27899.08,28704.89,805.8047,QUEST_COMPLETE,0,-1,0,0.1901173,7,0,0,25,7,8,7,0,309.4336,0,0,287.2129,54.70508,81.50391,50.72461,0,0,-1,0.3743316,1,1
93,-529993827,default,TRAIN,28706.08,28731.44,25.36328,CAPTURE,0,-1,0,0.1891667,0,0,0,1,0,0,0,0,0,0,0,0,0,0,0,0,0,-1,5.799824,1,1
94,-529993827,default,TRAIN,28732.59,29142.42,409.834,CAPTURE,0,-1,0,0.1882209,4,0,0,9,29,0,8,0,148.5,0,0,107.3809,56.60742,0,41.42578,0,0,-1,0.768589,1,1
95,-529993827,default,TRAIN,29143.45,30019.18,875.7246,CAPTURE,0,-1,0,0.1872798,4,2,0,25,49,21,6,0,144.2539,10.02344,0,288.6855,137.7871,207.2344,76.99609,0,0,-1,0.4104426,1,1
96,-529993827,default,TRAIN,30020.39,30142.05,121.6582,CAPTURE,0,-1,0,0.1863434,2,0,0,2,10,0,0,0,86.92578,0,0,2.896484,15.84961,0,0,0,0,-1,0.9480648,1,1
97,-529993827,default,TRAIN,30143.14,30708.53,565.3848,QUEST_COMPLETE,0,-1,0,0.1854117,8,1,0,19,5,0,13,0,266.7676,5.003906,0,167.8008,47.69922,0,62.70508,0,0,-1,0.5498424,1,1
98,-529993827,default,TRAIN,30709.66,30929.15,219.4863,CAPTURE,0,-1,0,0.1844846,1,0,0,7,16,0,0,0,0,0,0,76.35352,86.17773,0,0,0,0,-1,0.467485,1,1
99,-529993827,default,TRAIN,30930.26,31200.44,270.1758,CAPTURE,0,-1,0,0.1835622,2,0,0,8,2,0,0,0,90.42188,0,0,112.7402,25.78711,0,0,0,0,-1,0.9409977,1,1
100,-529993827,default,TRAIN,31201.52,31786.02,584.5,CAPTURE,0,-1,0,0.1826444,9,1,0,21,11,1,0,0,314.2422,5.113281,0,189.5156,20.23633,12.88086,0,0,0,-1,0.4184626,1,1
101,-529993827,default,TRAIN,31787.11,32198.49,411.3848,QUEST_COMPLETE,0,-1,0,0.1817312,2,0,0,16,20,0,1,0,90.94727,0,0,100.5723,191.7363,0,13.80273,0,0,-1,0.4090358,1,1
102,-529993827,default,TRAIN,32199.54,32582.45,382.9063,CAPTURE,0,-1,0,0.1808225,2,1,0,20,20,4,7,0,44.22656,5.044922,0,164.3613,50.19922,58.01172,51.68164,0,0,-1,0.5019829,1,1
103,-529993827,default,TRAIN,32583.66,33006.07,422.4082,QUEST_COMPLETE,0,-1,0,0.1799184,2,0,0,19,9,0,15,0,90.24609,0,0,195.2754,28.37891,0,80.40625,0,0,-1,0.4838739,1,1
104,-529993827,default,TRAIN,33007.18,33439.71,432.5273,QUEST_COMPLETE,0,-1,0,0.1790188,3,0,0,19,3,3,7,0,119.1406,0,0,198.5859,16.50781,25.06641,60.8125,0,0,-1,0.4455632,1,1
105,-529993827,default,TRAIN,33440.84,33529.68,88.83984,CAPTURE,0,-1,0,0.1781237,2,0,0,4,0,0,0,0,45.05078,0,0,36.63672,0,0,0,0,0,-1,0.4158443,1,1
106,-529993827,default,TRAIN,33530.75,34299.87,769.125,QUEST_COMPLETE,0,-1,0,0.1772331,11,0,0,26,10,2,9,0,426.3984,0,0,192.7852,32.61328,23.86328,53.89453,0,0,-1,0.4014974,1,1
107,-529993827,default,TRAIN,34300.91,34609.87,308.957,QUEST_COMPLETE,0,-1,0,0.1763469,6,0,0,2,2,0,9,0,216.6367,0,0,17.30469,0.59375,0,38.94141,0,0,-1,0.4052958,1,1
108,-529993827,default,TRAIN,34610.92,35077.49,466.5664,CAPTURE,0,-1,0,0.1754652,6,0,0,7,18,0,2,0,221.5078,0,0,110.875,99.09375,0,21.64453,0,0,-1,0.3381457,1,1
109,-529993827,default,TRAIN,35078.58,35378.85,300.2695,CAPTURE,0,-1,0,0.1745879,4,1,0,4,10,2,2,0,165.2891,4.933594,0,55.14063,15.72656,14.50781,8.804688,0,0,-1,0.6990823,1,1
110,-529993827,default,TRAIN,35380.09,35404.37,24.28516,CAPTURE,0,-1,0,0.1737149,1,0,0,1,0,0,0,0,0,0,0,7.839844,0,0,0,0,0,-1,1.103121,1,1
111,-529993827,default,TRAIN,35405.38,35921.96,516.5898,QUEST_COMPLETE,0,-1,0,0.1728464,9,0,0,4,11,0,2,0,325.8867,0,0,48.31641,89.64453,0,21.75,0,0,-1,0.3367726,1,1
112,-529993827,default,TRAIN,35923.12,36033.61,110.4922,CAPTURE,0,-1,0,0.1719821,1,0,0,3,0,0,1,0,38.47266,0,0,39.3125,0,0,15.14453,0,0,-1,1.797809,1,1
113,-529993827,default,TRAIN,36034.74,36097.9,63.15625,CAPTURE,0,-1,0,0.1711222,1,0,0,1,0,0,0,0,0,0,0,13.48047,0,0,0,0,0,-1,2.007352,1,1
114,-529993827,default,TRAIN,36099.01,36366.66,267.6563,QUEST_COMPLETE,0,-1,0,0.1702666,3,0,0,7,2,6,2,0,103.4922,0,0,102.9609,13.11719,20.70313,11.54688,0,0,-1,0.4348917,1,1
115,-529993827,default,TRAIN,36367.76,37076.52,708.7617,QUEST_COMPLETE,0,-1,0,0.1694153,7,0,0,23,8,8,7,0,232.1367,0,0,184.3828,71.81641,104.6172,81.38672,0,0,-1,0.4628785,1,1
116,-529993827,default,TRAIN,37077.63,37153.95,76.32422,CAPTURE,0,-1,0,0.1685682,2,0,0,7,0,0,0,0,39.09375,0,0,10.41406,0,0,0,0,0,-1,0.2408775,1,1
117,-529993827,default,TRAIN,37155.09,37535.64,380.5508,CAPTURE,0,-1,0,0.1677254,9,0,0,0,4,0,0,0,324.1094,0,0,0,1.191406,0,0,0,0,-1,0.3162746,1,1
118,-529993827,default,TRAIN,37536.9,37879.77,342.8633,QUEST_COMPLETE,0,-1,0,0.1668867,6,0,0,1,11,0,0,0,206.5273,0,0,7.664063,79.82031,0,0,0,0,-1,0.3182963,1,1
119,-529993827,default,TRAIN,37880.85,37967.66,86.8125,CAPTURE,0,-1,0,0.1660523,1,0,0,0,2,0,0,0,0,0,0,0,4.945313,0,0,0,0,-1,0.4654175,1,1
120,-529993827,default,TRAIN,37968.72,38351.73,383.0156,QUEST_COMPLETE,0,-1,0,0.165222,5,0,0,5,10,0,1,0,174.6563,0,0,63.67578,72.66797,0,11.25391,0,0,-1,0.3717334,1,1
121,-529993827,default,TRAIN,38352.87,38420.24,67.36719,CAPTURE,0,-1,0,0.1643959,1,0,0,0,2,0,0,0,43.70313,0,0,0,4.277344,0,0,0,0,-1,1.175715,1,1
122,-529993827,default,TRAIN,38421.53,38478.82,57.28906,CAPTURE,0,-1,0,0.163574,1,1,0,0,1,1,1,0,13.28125,5.0625,0,0,13.65625,11.89844,0,0,0,-1,1.953316,1,1
123,-529993827,default,TRAIN,38479.9,38562.73,82.82422,CAPTURE,0,-1,0,0.1627561,1,0,0,0,4,0,0,0,45.00781,0,0,0,24.96094,0,0,0,0,-1,1.21049,1,1
124,-529993827,default,TRAIN,38563.82,38646.46,82.64063,CAPTURE,0,-1,0,0.1619423,2,0,0,3,2,0,0,0,39.21875,0,0,4.304688,0.625,0,0,0,0,-1,0.4364722,1,1
125,-529993827,default,TRAIN,38647.67,39215.81,568.1445,QUEST_COMPLETE,0,-1,0,0.1611326,7,0,0,17,18,0,5,0,267.2383,0,0,158.707,59.22266,0,41.45703,0,0,-1,0.3241231,1,1
126,-529993827,default,TRAIN,39216.93,39842.69,625.7539,QUEST_COMPLETE,0,-1,0,0.1603269,4,3,0,32,14,2,12,0,121.4688,9.882813,0,356.3711,5.835938,19.44922,105.4102,0,0,-1,0.3291425,1,1
127,-529993827,default,TRAIN,39843.82,40432.53,588.7148,CAPTURE,0,-1,0,0.1595253,11,0,0,14,1,5,2,0,434.3711,0,0,46.27734,0.2773438,67.71094,13.58594,0,0,-1,0.3144738,1,1
128,-529993827,default,TRAIN,40433.66,40670.5,236.8398,CAPTURE,0,-1,0,0.1587277,3,0,0,2,14,1,1,0,126.4102,0,0,19.57422,28.58594,0,14.53516,0,0,-1,0.7946243,1,1
129,-529993827,default,TRAIN,40671.54,40785.25,113.7109,CAPTURE,0,-1,0,0.157934,2,0,0,2,0,0,0,0,87.17969,0,0,13.01172,0,0,0,0,0,-1,3.020124,1,1
130,-529993827,default,TRAIN,40786.34,40809.08,22.74219,CAPTURE,0,-1,0,0.1571444,1,0,0,1,0,0,0,0,0,0,0,7.492188,0,0,0,0,0,-1,1.396162,1,1
131,-529993827,default,TRAIN,40810.23,41148.29,338.0664,QUEST_COMPLETE,0,-1,0,0.1563586,6,0,0,5,2,0,2,0,192.7031,0,0,72.32422,0.609375,0,23.17969,0,0,-1,0.6728016,1,1
132,-529993827,default,TRAIN,41149.42,41793.11,643.6914,QUEST_COMPLETE,0,-1,0,0.1555768,8,0,0,8,9,10,5,0,313.3164,0,0,107.3555,20.30078,121.9102,53.98438,0,0,-1,0.4360864,1,1
133,-529993827,default,TRAIN,41794.15,41825.29,31.14063,CAPTURE,0,-1,0,0.154799,1,0,0,0,0,0,0,0,0,0,0,0,0,0,0,0,0,-1,1.039199,1,1
134,-529993827,default,TRAIN,41826.31,42027.69,201.375,CAPTURE,0,-1,0,0.154025,2,0,0,1,3,1,8,0,87.02734,0,0,13.39063,17.90625,13.29297,33.14453,0,0,-1,0.9296025,1,1
135,-529993827,default,TRAIN,42028.99,42877.31,848.3203,CAPTURE,0,-1,0,0.1532548,13,1,0,19,20,1,3,0,472.2422,5.25,0,232.4727,90.00391,13.21875,32.51172,0,0,-1,0.3799911,1,1
136,-529993827,default,TRAIN,42878.42,42922.51,44.08984,CAPTURE,0,-1,0,0.1524886,0,0,0,1,0,0,0,0,0,0,0,0,0,0,0,0,0,-1,5.178521,1,1
137,-529993827,default,TRAIN,42923.74,43462.41,538.668,CAPTURE,0,-1,0,0.1517261,7,1,0,11,14,2,1,0,274.6797,5.183594,0,101.043,111.2539,13.85156,4.113281,0,0,-1,0.7607055,1,1
138,-529993827,default,TRAIN,43463.6,43565.55,101.9453,CAPTURE,0,-1,0,0.1509675,1,0,0,9,1,0,0,0,45.14844,0,0,53.48828,0.390625,0,0,0,0,-1,1.189145,1,1
139,-529993827,default,TRAIN,43566.65,44066.94,500.2891,QUEST_COMPLETE,0,-1,0,0.1502126,9,4,0,10,5,1,1,0,333.957,12.60156,0,59.33984,45.13281,15.03125,9.96875,0,0,-1,0.690632,1,1
140,-529993827,default,TRAIN,44067.96,44408.5,340.5391,QUEST_COMPLETE,0,-1,0,0.1494616,3,1,0,2,12,4,9,0,133.375,6.3125,0,19.04688,51.76172,34.10547,84.30859,0,0,-1,0.5811664,1,1
141,-529993827,default,TRAIN,44409.66,45141.33,731.6719,QUEST_COMPLETE,0,-1,0,0.1487143,16,0,0,2,0,0,10,0,619.8164,0,0,26.70703,0,0,68.67188,0,0,-1,0.3003241,1,1
142,-529993827,default,TRAIN,45142.48,45638.86,496.3789,QUEST_COMPLETE,0,-1,0,0.1479707,9,0,0,5,0,0,2,0,327.2813,0,0,83.10938,0,0,22.26953,0,0,-1,0.5009375,1,1
143,-529993827,default,TRAIN,45639.89,46271.36,631.4609,QUEST_COMPLETE,0,-1,0,0.1472308,13,0,0,4,0,0,2,0,494.0938,0,0,78.21484,0,0,22.42578,0,0,-1,0.3992906,1,1
144,-529993827,default,TRAIN,46272.39,46343.49,71.10547,CAPTURE,0,-1,0,0.1464947,1,0,0,0,0,0,0,0,0,0,0,0,0,0,0,0,0,-1,0.1980414,1,1
145,-529993827,default,TRAIN,46344.52,46604.05,259.5352,QUEST_COMPLETE,0,-1,0,0.1457622,5,0,0,7,0,0,0,0,157.793,0,0,71.40234,0,0,0,0,0,-1,0.3646474,1,1
146,-529993827,default,TRAIN,46605.18,46653.77,48.59766,CAPTURE,0,-1,0,0.1450334,1,0,0,0,0,0,0,0,0,0,0,0,0,0,0,0,0,-1,0.3421846,1,1
147,-529993827,default,TRAIN,46654.91,46887.73,232.8203,CAPTURE,0,-1,0,0.1443083,3,1,0,7,0,4,1,0,80.71484,5.289063,0,83.30078,0,27.98828,15.03125,0,0,-1,0.8226517,1,1
148,-529993827,default,TRAIN,46888.82,47034.97,146.1563,CAPTURE,0,-1,0,0.1435867,2,0,0,4,1,0,0,0,90.40234,0,0,40.78125,1.957031,0,0,0,0,-1,2.075354,1,1
149,-529993827,default,TRAIN,47036,47141.05,105.0508,CAPTURE,0,-1,0,0.1428688,1,0,0,10,1,0,0,0,45.00391,0,0,37.86719,0.2890625,0,0,0,0,-1,1.17374,1,1
150,-529993827,default,TRAIN,47142.27,47539.54,397.2773,QUEST_COMPLETE,0,-1,0,0.1421544,4,0,0,10,2,0,1,0,165.9922,0,0,172.2617,30.14844,0,0,0,0,-1,0.9621037,1,1
151,-529993827,default,TRAIN,47540.76,47624.57,83.81641,CAPTURE,0,-1,0,0.1414437,2,0,0,1,0,0,0,0,45.04297,0,0,14.62891,0,0,0,0,0,-1,0.9822882,1,1
152,-529993827,default,TRAIN,47625.86,48181.43,555.5781,QUEST_COMPLETE,0,-1,0,0.1407364,8,0,0,8,7,2,8,0,270.9102,0,0,129.2227,38.47656,28.04297,41.97656,0,0,-1,0.4482273,1,1
153,-529993827,default,TRAIN,48182.53,48582.96,400.4258,CAPTURE,0,-1,0,0.1400328,3,0,0,31,16,2,4,0,128.8906,0,0,174.1875,4.664063,25.09375,18.125,0,0,-1,0.7411457,1,1
154,-529993827,default,TRAIN,48583.97,48796.12,212.1445,CAPTURE,0,-1,0,0.1393326,3,1,0,2,2,7,5,0,88.98438,5.292969,0,12.04688,0.5703125,79.19141,17.85938,0,0,-1,0.7914023,1,1
155,-529993827,default,TRAIN,48797.16,49067.05,269.8906,QUEST_COMPLETE,0,-1,0,0.1386359,6,0,0,1,0,0,0,0,222.6094,0,0,13.35156,0,0,0,0,0,-1,0.6653268,1,1
156,-529993827,default,TRAIN,49068.08,49289.45,221.3672,CAPTURE,0,-1,0,0.1379428,4,0,0,2,4,0,0,0,174.5781,0,0,15.12891,6.796875,0,0,0,0,-1,1.203773,1,1
157,-529993827,default,TRAIN,49290.51,49381.43,90.91797,CAPTURE,0,-1,0,0.137253,2,0,0,0,1,0,0,0,45.00391,0,0,0,2.855469,0,0,0,0,-1,1.603687,1,1
158,-529993827,default,TRAIN,49382.47,49428.57,46.10547,CAPTURE,0,-1,0,0.1365668,1,0,0,1,0,0,0,0,0,0,0,4.355469,0,0,0,0,0,-1,0.90337,1,1
159,-529993827,default,TRAIN,49429.73,49525.54,95.80469,CAPTURE,0,-1,0,0.135884,1,1,0,0,1,1,1,0,38.89844,5.140625,0,0,0,15.16406,10.58203,0,0,-1,1.889329,1,1
160,-529993827,default,TRAIN,49526.56,49844.72,318.1563,CAPTURE,0,-1,0,0.1352045,3,0,0,6,6,1,1,0,128.9492,0,0,92.55078,64.73828,0,11.17188,0,0,-1,1.177766,1,1
161,-529993827,default,TRAIN,49845.92,50283.64,437.7188,CAPTURE,0,-1,0,0.1345285,6,0,0,5,12,4,4,0,248,0,0,74.44531,24.69922,55.01953,14.17969,0,0,-1,0.8808416,1,1
162,-529993827,default,TRAIN,50284.7,50291.21,6.515625,CAPTURE,0,-1,0,0.1338559,1,0,0,3,0,0,0,0,0,0,0,4.375,0,0,0,0,0,-1,0.394345,1,1
163,-529993827,default,TRAIN,50292.52,50853.89,561.375,QUEST_COMPLETE,0,-1,0,0.1331866,8,0,0,9,35,0,0,0,297.6016,0,0,111.5039,69.94531,0,0,0,0,-1,0.4155305,1,1
164,-529993827,default,TRAIN,50854.97,51228.34,373.3711,QUEST_COMPLETE,0,-1,0,0.1325207,6,1,0,10,5,1,3,0,206.6602,4.449219,0,113.3047,1.214844,7.578125,31.87109,0,0,-1,0.6856092,1,1
165,-529993827,default,TRAIN,51229.45,51833.47,604.0234,CAPTURE,0,-1,0,0.1318581,9,0,0,7,0,12,0,0,356.8438,0,0,93.9375,0,141.7266,0,0,0,-1,0.7606558,1,1
166,-529993827,default,TRAIN,51834.67,51863.65,28.98047,CAPTURE,0,-1,0,0.1311988,1,0,0,0,0,0,0,0,0,0,0,0,0,0,0,0,0,-1,3.593676,1,1
167,-529993827,default,TRAIN,51864.86,51961.69,96.83203,CAPTURE,0,-1,0,0.1305428,1,0,0,1,4,0,0,0,41.16406,0,0,5.082031,33.31641,0,0,0,0,-1,1.099161,1,1
168,-529993827,default,TRAIN,51962.96,52040.01,77.04688,CAPTURE,0,-1,0,0.1298901,2,0,0,1,0,0,0,0,28.98047,0,0,8.035156,0,0,0,0,0,-1,0.6586493,1,1
169,-529993827,default,TRAIN,52041.25,52449.02,407.7695,QUEST_COMPLETE,0,-1,0,0.1292406,7,0,0,18,0,0,0,0,253.4336,0,0,120.5352,0,0,0,0,0,-1,0.3961346,1,1
170,-529993827,default,TRAIN,52450.13,52963.82,513.6953,QUEST_COMPLETE,0,-1,0,0.1285944,3,2,0,7,5,7,14,0,115.4258,6.898438,0,111.6641,55.85156,93.23047,111.3828,0,0,-1,0.5152434,1,1
171,-529993827,default,TRAIN,52964.97,53030.64,65.67188,CAPTURE,0,-1,0,0.1279514,1,0,0,0,0,0,3,0,42.69141,0,0,0,0,0,8.3125,0,0,-1,2.368877,1,1
172,-529993827,default,TRAIN,53031.88,53103.75,71.875,CAPTURE,0,-1,0,0.1273117,1,0,0,3,0,0,0,0,45.20313,0,0,20.29297,0,0,0,0,0,-1,2.818695,1,1
173,-529993827,default,TRAIN,53104.77,53535.5,430.7266,CAPTURE,0,-1,0,0.1266751,9,1,0,8,0,1,2,0,287.7969,5.039063,0,81.06641,0,10.42188,25.38281,0,0,-1,0.5019309,1,1
174,-529993827,default,TRAIN,53536.61,53687.6,150.9883,CAPTURE,0,-1,0,0.1260417,3,0,0,0,0,0,0,0,76.00781,0,0,0,0,0,0,0,0,-1,0.4930578,1,1
175,-529993827,default,TRAIN,53688.72,53887.55,198.832,CAPTURE,0,-1,0,0.1254115,2,1,0,3,2,0,2,0,90.13672,5.171875,0,39,28.60547,0,6.628906,0,0,-1,1.430029,1,1
176,-529993827,default,TRAIN,53888.72,53931.04,42.31641,CAPTURE,0,-1,0,0.1247845,2,0,0,0,0,0,0,0,31.19141,0,0,0,0,0,0,0,0,-1,1.560294,1,1
177,-529993827,default,TRAIN,53932.27,54180.99,248.7148,CAPTURE,0,-1,0,0.1241606,5,0,0,1,0,0,0,0,160.3398,0,0,12.54688,0,0,0,0,0,-1,0.4876646,1,1
178,-529993827,default,TRAIN,54182.06,54839.33,657.2656,QUEST_COMPLETE,0,-1,0,0.1235397,15,0,0,2,0,3,1,0,550.7305,0,0,18.89063,0,37.875,8.992188,0,0,-1,0.5512447,1,1
179,-529993827,default,TRAIN,54840.41,55359.28,518.8711,QUEST_COMPLETE,0,-1,0,0.122922,11,0,0,2,0,7,1,0,400.6641,0,0,20.00391,0,76.11719,15.21094,0,0,-1,0.5890243,1,1
180,-529993827,default,TRAIN,55360.34,55803.7,443.3594,QUEST_COMPLETE,0,-1,0,0.1223074,9,0,0,2,1,1,6,0,331.0977,0,0,24.6875,0.3085938,13.06641,32.51172,0,0,-1,0.5222626,1,1
181,-529993827,default,TRAIN,55804.72,56265.02,460.3008,CAPTURE,0,-1,0,0.1216959,3,0,0,14,4,11,11,0,134.7539,0,0,119.8516,43.65234,91.58594,52.46484,0,0,-1,0.4995274,1,1
182,-529993827,default,TRAIN,56266.04,56500.43,234.3906,QUEST_COMPLETE,0,-1,0,0.1210874,4,0,0,4,4,0,1,0,159.9883,0,0,35,15.875,0,0,0,0,-1,0.7419151,1,1
183,-529993827,default,TRAIN,56501.54,56815.87,314.332,QUEST_COMPLETE,0,-1,0,0.120482,6,0,0,10,0,0,0,0,203.543,0,0,94.35547,0,0,0,0,0,-1,0.4330209,1,1
184,-529993827,default,TRAIN,56816.95,56950.5,133.5508,CAPTURE,0,-1,0,0.1198796,2,0,0,0,5,0,0,0,45.16797,0,0,0,41.30078,0,0,0,0,-1,0.3540657,1,1
185,-529993827,default,TRAIN,56951.72,57568.36,616.6367,QUEST_COMPLETE,0,-1,0,0.1192802,10,0,0,4,11,9,1,0,348.6953,0,0,82.10938,88.64063,30.66016,15.21875,0,0,-1,0.5660304,1,1
186,-529993827,default,TRAIN,57569.44,57648.09,78.64844,CAPTURE,0,-1,0,0.1186838,1,0,0,0,0,0,4,0,37.55859,0,0,0,0,0,14.16406,0,0,-1,2.081177,1,1
187,-529993827,default,TRAIN,57649.26,57776.38,127.1172,CAPTURE,0,-1,0,0.1180904,2,0,0,9,0,0,0,0,75.14063,0,0,39.96094,0,0,0,0,0,-1,1.310814,1,1
188,-529993827,default,TRAIN,57777.43,58403.54,626.1094,QUEST_COMPLETE,0,-1,0,0.1174999,8,0,0,13,14,4,21,0,246.7305,0,0,139.4805,27.38281,38.38672,138.1719,0,0,-1,0.5937384,1,1
189,-529993827,default,TRAIN,58404.66,58959.6,554.9453,CAPTURE,0,-1,0,0.1169124,4,1,0,15,18,4,7,0,163.5352,2.320313,0,127.6289,108.9727,57.44531,71.04688,0,0,-1,0.6107872,1,1
190,-529993827,default,TRAIN,58960.66,59427.84,467.1836,CAPTURE,0,-1,0,0.1163278,9,0,0,8,19,0,0,0,321.6641,0,0,50.58594,38.95703,0,0,0,0,-1,0.5815085,1,1
191,-529993827,default,TRAIN,59429.08,59568.73,139.6563,CAPTURE,0,-1,0,0.1157462,1,0,0,8,0,0,0,0,45.23438,0,0,87.45313,0,0,0,0,0,-1,1.263103,1,1
192,-529993827,default,TRAIN,59569.89,59731.77,161.8789,CAPTURE,0,-1,0,0.1151675,2,0,0,10,12,0,0,0,84.45313,0,0,53.17969,22.30469,0,0,0,0,-1,0.9122117,1,1
193,-529993827,default,TRAIN,59732.88,60061.84,328.957,CAPTURE,0,-1,0,0.1145916,1,0,0,6,17,2,6,0,28.83594,0,0,97.57813,155.6641,13.14844,25.17578,0,0,-1,0.7628198,1,1
194,-529993827,default,TRAIN,60063.13,60347.5,284.3711,QUEST_COMPLETE,0,-1,0,0.1140187,5,0,0,5,5,0,0,0,188.8945,0,0,68.92188,22.98828,0,0,0,0,-1,0.7118261,1,1
195,-529993827,default,TRAIN,60348.68,60431.96,83.28906,CAPTURE,0,-1,0,0.1134486,2,0,0,1,0,0,0,0,45.01953,0,0,14.46875,0,0,0,0,0,-1,0.6953421,1,1
196,-529993827,default,TRAIN,60433.22,60750.29,317.0664,CAPTURE,0,-1,0,0.1128813,7,0,0,3,0,0,0,0,223.2813,0,0,43.29297,0,0,0,0,0,-1,0.2843052,1,1
197,-529993827,default,TRAIN,60751.51,61326.93,575.418,CAPTURE,0,-1,0,0.1123169,7,0,0,19,0,3,11,0,282.957,0,0,172.4805,0,36.17578,64.56641,0,0,-1,0.585545,1,1
198,-529993827,default,TRAIN,61328.14,61386.5,58.35938,CAPTURE,0,-1,0,0.1117553,1,0,0,3,0,0,0,0,0,0,0,43.51563,0,0,0,0,0,-1,0.9515768,1,1
199,-529993827,default,TRAIN,61387.63,61449,61.37109,CAPTURE,0,-1,0,0.1111966,1,0,0,0,0,0,0,0,0,0,0,0,0,0,0,0,0,-1,0.4865596,1,1
200,-529993827,default,TRAIN,61450.15,62242.41,792.2656,QUEST_COMPLETE,0,-1,0,0.1106406,14,2,0,10,4,1,7,0,536.1523,20.23828,0,153.1758,23.80078,10.36719,36.50781,0,0,-1,0.5510024,1,1
201,-529993827,default,TRAIN,62243.43,63015.16,771.7344,CAPTURE,0,-1,0,0.1100874,8,0,0,15,10,4,21,0,277.0352,0,0,250.9258,52.74609,44.98047,100.2852,0,0,-1,0.5364702,1,1
202,-529993827,default,TRAIN,63016.18,63441.5,425.3164,QUEST_COMPLETE,0,-1,0,0.1095369,8,0,0,6,1,2,1,0,257.1797,0,0,84.23438,14.15625,31.01172,12.97656,0,0,-1,0.5075411,1,1
203,-529993827,default,TRAIN,63442.56,63854.7,412.1406,QUEST_COMPLETE,0,-1,0,0.1089893,8,0,0,7,0,0,0,0,278.5078,0,0,78.78516,0,0,0,0,0,-1,0.2670597,1,1
204,-529993827,default,TRAIN,63855.71,64283.51,427.8008,QUEST_COMPLETE,0,-1,0,0.1084443,8,0,0,6,10,0,0,0,306.6641,0,0,76.42188,21.89063,0,0,0,0,-1,0.5107632,1,1
205,-529993827,default,TRAIN,64284.63,64816.77,532.1328,QUEST_COMPLETE,0,-1,0,0.1079021,3,0,0,21,16,5,14,0,133.7109,0,0,168.5664,33.375,43.78516,104.7422,0,0,-1,0.5177307,1,1
206,-529993827,default,TRAIN,64817.91,64967.42,149.5117,CAPTURE,0,-1,0,0.1073626,2,0,0,5,2,0,1,0,30.73828,0,0,52.72266,19.69922,0,15.02734,0,0,-1,0.2725692,1,1
207,-529993827,default,TRAIN,64968.46,65970.9,1002.441,QUEST_COMPLETE,0,-1,0,0.1068258,8,1,0,38,10,13,8,0,303.043,5.339844,0,410.8008,4.652344,170.4141,91.60156,0,0,-1,0.2604911,1,1
208,-529993827,default,TRAIN,65971.92,66381.61,409.6875,QUEST_COMPLETE,0,-1,0,0.1062916,3,0,0,7,13,5,5,0,110.7344,0,0,62.51563,117.5469,18.64063,61.54688,0,0,-1,0.4169256,1,1
209,-529993827,default,TRAIN,66382.63,66849.69,467.0547,QUEST_COMPLETE,0,-1,0,0.1057602,10,0,0,5,2,0,0,0,354.5391,0,0,60.40625,6.984375,0,0,0,0,-1,0.3760709,1,1
210,-529993827,default,TRAIN,66850.84,67021.88,171.0469,CAPTURE,0,-1,0,0.1052314,3,1,0,12,0,0,3,0,90.16406,2.664063,0,38.54688,0,0,11.61719,0,0,-1,0.2844441,1,1
211,-529993827,default,TRAIN,67023.06,67502.06,479,QUEST_COMPLETE,0,-1,0,0.1047052,10,1,0,3,1,3,3,0,320.0313,5.179688,0,35.08594,13.40625,41.38281,27.5625,0,0,-1,0.6778681,1,1
212,-529993827,default,TRAIN,67503.19,67574.34,71.15625,CAPTURE,0,-1,0,0.1041817,2,0,0,0,0,0,0,0,31.00781,0,0,0,0,0,0,0,0,-1,0.3654753,1,1
213,-529993827,default,TRAIN,67575.36,68233.13,657.7734,CAPTURE,0,-1,0,0.1036608,7,0,0,11,0,17,3,0,257.5,0,0,170.6484,0,156.9297,45.32813,0,0,-1,0.2663936,1,1
214,-529993827,default,TRAIN,68234.2,68354.5,120.3047,CAPTURE,0,-1,0,0.1031425,2,1,0,0,0,0,3,0,78.59375,5.195313,0,0,0,0,8.640625,0,0,-1,1.615433,1,1
215,-529993827,default,TRAIN,68355.81,68703.66,347.8438,QUEST_COMPLETE,0,-1,0,0.1026268,7,1,0,4,0,2,1,0,229.9844,4.96875,0,40.65625,0,27.71094,12.78125,0,0,-1,0.5760549,1,1
216,-529993827,default,TRAIN,68704.66,69287.88,583.2109,CAPTURE,0,-1,0,0.1021136,9,0,0,16,2,0,1,0,370,0,0,161.1719,19.75,0,15.16406,0,0,-1,0.6999381,1,1
217,-529993827,default,TRAIN,69288.93,69322.2,33.27344,CAPTURE,0,-1,0,0.1016031,0,0,0,1,1,0,0,0,0,0,0,0,11.00781,0,0,0,0,-1,1.251534,1,1
218,-529993827,default,TRAIN,69323.47,69537.39,213.9219,CAPTURE,0,-1,0,0.1010951,4,0,0,3,11,0,0,0,113.5391,0,0,54.00781,33.0625,0,0,0,0,-1,0.4638441,1,1
219,-529993827,default,TRAIN,69538.58,69837.87,299.2891,QUEST_COMPLETE,0,-1,0,0.1005896,1,0,0,12,12,0,1,0,45.25,0,0,103.9063,91.61719,0,13.46875,0,0,-1,0.7013869,1,1
220,-529993827,default,TRAIN,69838.94,69979.06,140.125,CAPTURE,0,-1,0,0.1000866,3,0,0,1,0,0,0,0,114.8438,0,0,0,0,0,0,0,0,-1,2.308949,1,1
221,-529993827,default,TRAIN,69980.28,70208.34,228.0625,CAPTURE,0,-1,0,0.0995862,4,0,0,0,8,0,6,0,125.1875,0,0,0,17.48438,0,36.69531,0,0,-1,0.8349764,1,1
222,-529993827,default,TRAIN,70209.55,70247.38,37.82031,CAPTURE,0,-1,0,0.09908827,1,0,0,0,0,0,0,0,0,0,0,0,0,0,0,0,0,-1,0.3257902,1,1
223,-529993827,default,TRAIN,70248.44,70387.63,139.1875,CAPTURE,0,-1,0,0.09859283,1,0,0,4,5,0,0,0,45.13281,0,0,23.78125,57.91406,0,0,0,0,-1,1.361895,1,1
224,-529993827,default,TRAIN,70388.71,70893.73,505.0234,QUEST_COMPLETE,0,-1,0,0.09809987,6,0,0,8,13,4,6,0,175.3359,0,0,88.58594,83.95313,48.59375,50.5,0,0,-1,0.4040895,1,1
225,-529993827,default,TRAIN,70894.78,70953.82,59.03906,CAPTURE,0,-1,0,0.09760937,1,0,0,2,0,0,0,0,45.04688,0,0,7.953125,0,0,0,0,0,-1,2.345367,1,1
226,-529993827,default,TRAIN,70954.83,71496.76,541.9297,QUEST_COMPLETE,0,-1,0,0.09712133,6,0,0,10,0,7,21,0,200.3516,0,0,167.2656,0,23.94531,123.7422,0,0,-1,0.6496978,1,1
227,-529993827,default,TRAIN,71497.77,71520.88,23.11719,CAPTURE,0,-1,0,0.09663572,0,0,0,0,0,0,0,0,0,0,0,0,0,0,0,0,0,-1,-1,1,1
228,-529993827,default,TRAIN,71522.13,71891.61,369.4844,CAPTURE,0,-1,0,0.09615254,6,1,0,5,5,0,3,0,250.8984,2.492188,0,44.6875,28.60156,0,30.21875,0,0,-1,0.9855517,1,1
229,-529993827,default,TRAIN,71892.71,71974.01,81.29688,CAPTURE,0,-1,0,0.09567178,2,0,0,0,0,0,0,0,45.03906,0,0,0,0,0,0,0,0,-1,0.6326101,1,1
230,-529993827,default,TRAIN,71975.01,72618.95,643.9453,QUEST_COMPLETE,0,-1,0,0.09519342,5,1,0,21,39,1,8,0,225.9219,4.976563,0,130.7656,171.5859,14.25781,92.53906,0,0,-1,0.3722867,1,1
231,-529993827,default,TRAIN,72620.09,72671.43,51.33594,CAPTURE,0,-1,0,0.09471746,1,0,0,0,4,0,0,0,0,0,0,0,1.359375,0,0,0,0,-1,0.2693745,1,1
232,-529993827,default,TRAIN,72672.52,72690.14,17.625,CAPTURE,0,-1,0,0.09424387,0,0,0,1,0,0,0,0,0,0,0,0,0,0,0,0,0,-1,5.251671,1,1
233,-529993827,default,TRAIN,72691.28,73307.7,616.4141,QUEST_COMPLETE,0,-1,0,0.09377265,5,0,0,6,11,9,11,0,190.2969,0,0,78.75781,89.67969,121.7188,104.2578,0,0,-1,0.5735669,1,1
234,-529993827,default,TRAIN,73308.77,73433.71,124.9453,CAPTURE,0,-1,0,0.09330378,1,0,0,5,0,1,0,0,45.15625,0,0,76.35938,0,0,0,0,0,-1,1.62354,1,1
235,-529993827,default,TRAIN,73434.8,73951.02,516.2266,CAPTURE,0,-1,0,0.09283727,3,1,0,20,15,0,1,0,81.46094,4.421875,0,247.8906,150.7188,0,15.21094,0,0,-1,0.7699256,1,1
236,-529993827,default,TRAIN,73952.04,74633.28,681.2422,QUEST_COMPLETE,0,-1,0,0.09237308,11,0,0,13,2,2,5,0,398.2578,0,0,173.4766,5.25,27.14063,55.86719,0,0,-1,0.4729893,1,1
237,-529993827,default,TRAIN,74634.34,74839.58,205.2344,CAPTURE,0,-1,0,0.09191122,4,0,0,6,0,0,0,0,102.4844,0,0,63.03906,0,0,0,0,0,-1,0.1428033,1,1
238,-529993827,default,TRAIN,74840.73,75274.86,434.1328,QUEST_COMPLETE,0,-1,0,0.09145166,6,0,0,16,0,6,2,0,215.9063,0,0,114.9766,0,66.375,21.35938,0,0,-1,0.5567605,1,1
239,-529993827,default,TRAIN,75275.98,75478.94,202.9531,QUEST_COMPLETE,0,-1,0,0.0909944,1,0,0,7,5,0,14,0,29.20313,0,0,96.54688,1.523438,0,62.55469,0,0,-1,0.5670593,1,1
240,-529993827,default,TRAIN,75480.16,75805.66,325.5,CAPTURE,0,-1,0,0.09053943,0,0,0,11,3,11,11,0,0,0,0,99.64063,6.421875,131.3438,67.61719,0,0,-1,0.7659768,1,1
241,-529993827,default,TRAIN,75806.85,76194.32,387.4688,QUEST_COMPLETE,0,-1,0,0.09008674,6,0,0,8,9,0,0,0,224.2969,0,0,124.6406,20.28125,0,0,0,0,-1,0.5410208,1,1
242,-529993827,default,TRAIN,76195.38,76275.07,79.6875,CAPTURE,0,-1,0,0.0896363,0,0,0,0,0,4,0,0,0,0,0,0,0,42.17969,0,0,0,-1,2.145772,1,1
243,-529993827,default,TRAIN,76276.08,76425.29,149.2109,CAPTURE,0,-1,0,0.08918812,1,0,0,9,0,0,0,0,45.00781,0,0,99.40625,0,0,0,0,0,-1,1.314673,1,1
244,-529993827,default,TRAIN,76426.34,76576.04,149.7031,CAPTURE,0,-1,0,0.08874218,1,1,0,8,5,2,1,0,44.19531,5.296875,0,50.78125,1.46875,8.304688,15.23438,0,0,-1,0.9291693,1,1
245,-529993827,default,TRAIN,76577.06,76894.61,317.5469,CAPTURE,0,-1,0,0.08829847,0,0,0,9,8,6,4,0,0,0,0,122.2578,71.55469,73.27344,20.42188,0,0,-1,0.9367464,1,1
246,-529993827,default,TRAIN,76895.73,77360.23,464.5078,QUEST_COMPLETE,0,-1,0,0.08785698,6,0,0,15,0,2,9,0,173.8672,0,0,189.1172,0,26.80469,41.80469,0,0,-1,0.4548914,1,1
247,-529993827,default,TRAIN,77361.3,77717.54,356.2422,QUEST_COMPLETE,0,-1,0,0.08741769,7,0,0,6,0,0,0,0,244.7344,0,0,99.29688,0,0,0,0,0,-1,0.2702356,1,1
248,-529993827,default,TRAIN,77718.56,77805.59,87.02344,CAPTURE,0,-1,0,0.0869806,1,0,0,0,0,0,0,0,0,0,0,0,0,0,0,0,0,-1,0.1784203,1,1
249,-529993827,default,TRAIN,77806.66,78074.73,268.0781,CAPTURE,0,-1,0,0.0865457,3,0,0,8,0,0,0,0,135.2422,0,0,112.4219,0,0,0,0,0,-1,1.182833,1,1
250,-529993827,default,TRAIN,78076.36,78735.21,658.8516,QUEST_COMPLETE,0,-1,0,0.08611297,9,0,0,14,2,0,17,0,303.5625,0,0,196.5234,15.33594,0,97.33594,0,0,-1,0.4405382,1,1
251,-529993827,default,TRAIN,78736.28,79228.97,492.6875,QUEST_COMPLETE,0,-1,0,0.08568241,4,0,0,15,2,5,6,0,133.9219,0,0,196.7109,28.07813,64.32031,52.19531,0,0,-1,0.4405791,1,1
252,-529993827,default,TRAIN,79230.02,79436.97,206.9453,CAPTURE,0,-1,0,0.085254,5,0,0,1,0,0,0,0,179.3281,0,0,12.88281,0,0,0,0,0,-1,0.9760283,1,1
253,-529993827,default,TRAIN,79438.09,80038.01,599.9141,QUEST_COMPLETE,0,-1,0,0.08482773,5,0,0,23,9,0,1,0,188.7188,0,0,342.9297,27.36719,0,10.08594,0,0,-1,0.5133273,1,1
254,-529993827,default,TRAIN,80039.02,80191.84,152.8125,CAPTURE,0,-1,0,0.08440359,3,0,0,2,0,2,1,0,73.33594,0,0,21.98438,0,20.9375,6.507813,0,0,-1,0.8966858,1,1
255,-529993827,default,TRAIN,80192.93,80260.08,67.14844,CAPTURE,0,-1,0,0.08398157,2,0,0,0,0,0,0,0,31.98438,0,0,0,0,0,0,0,0,-1,0.5026314,1,1
256,-529993827,default,TRAIN,80261.23,81006.87,745.6406,QUEST_COMPLETE,0,-1,0,0.08356167,10,0,0,11,4,17,2,0,394.4688,0,0,146.0313,13.64063,117.3906,28.83594,0,0,-1,0.5292899,1,1
257,-529993827,default,TRAIN,81007.91,81076.22,68.3125,CAPTURE,0,-1,0,0.08314386,2,0,0,0,0,0,0,0,45.25781,0,0,0,0,0,0,0,0,-1,0.8022321,1,1
258,-529993827,default,TRAIN,81077.3,81161.81,84.51563,CAPTURE,0,-1,0,0.08272814,2,0,0,0,0,0,0,0,31.08594,0,0,0,0,0,0,0,0,-1,0.7884042,1,1
259,-529993827,default,TRAIN,81162.96,81437.42,274.4609,CAPTURE,0,-1,0,0.0823145,5,0,0,2,10,0,0,0,205.1953,0,0,13.0625,28.67188,0,0,0,0,-1,1.02337,1,1
260,-529993827,default,TRAIN,81438.7,81878.51,439.8047,QUEST_COMPLETE,0,-1,0,0.08190293,7,1,0,7,9,2,2,0,291.8203,5.390625,0,60.48438,30.32031,23.9375,17.4375,0,0,-1,0.5773239,1,1
261,-529993827,default,TRAIN,81879.6,82052.4,172.7969,CAPTURE,0,-1,0,0.08149341,4,0,0,2,0,0,0,0,112.1094,0,0,21.98438,0,0,0,0,0,-1,0.5200189,1,1
262,-529993827,default,TRAIN,82053.62,82119.88,66.25781,CAPTURE,0,-1,0,0.08108595,2,0,0,0,0,0,0,0,45.1875,0,0,0,0,0,0,0,0,-1,0.4794801,1,1
263,-529993827,default,TRAIN,82120.9,82939.32,818.4219,CAPTURE,0,-1,0,0.08068052,7,1,0,14,10,14,4,0,288.4609,4.734375,0,178.6719,135.9219,152.3672,27.58594,0,0,-1,0.6215803,1,1
264,-529993827,default,TRAIN,82940.45,83502.38,561.9297,QUEST_COMPLETE,0,-1,0,0.08027712,12,0,0,1,27,0,3,0,469.4375,0,0,4.945313,23.66406,0,33.57813,0,0,-1,0.4528889,1,1
265,-529993827,default,TRAIN,83503.38,83953.13,449.7422,QUEST_COMPLETE,0,-1,0,0.07987573,6,1,0,3,15,18,10,0,221.1797,6.859375,0,32.53906,35.67188,88.82813,48.03906,0,0,-1,0.5273854,1,1
266,-529993827,default,TRAIN,83954.17,84322.48,368.3125,QUEST_COMPLETE,0,-1,0,0.07947635,7,0,0,3,0,0,3,0,283.9063,0,0,39.92969,0,0,26.44531,0,0,-1,0.7815716,1,1
267,-529993827,default,TRAIN,84323.75,84598.8,275.0547,CAPTURE,0,-1,0,0.07907896,4,0,0,7,9,0,0,0,119.2188,0,0,45.07813,88.77344,0,0,0,0,-1,0.455695,1,1
268,-529993827,default,TRAIN,84599.96,84944.19,344.2266,QUEST_COMPLETE,0,-1,0,0.07868357,7,0,0,9,9,2,0,0,204.2813,0,0,92.46094,19.45313,24.11719,0,0,0,-1,0.3757561,1,1
269,-529993827,default,TRAIN,84945.22,85661.02,715.8047,QUEST_COMPLETE,0,-1,0,0.07829015,14,1,0,12,10,1,5,0,557.7734,3.671875,0,60.34375,7.648438,13.92969,19.45313,0,0,-1,0.3709053,1,1
270,-529993827,default,TRAIN,85662.28,85834.44,172.1563,CAPTURE,0,-1,0,0.0778987,3,1,0,1,0,1,0,0,87.21875,4.992188,0,5.164063,0,15.13281,0,0,0,-1,0.4888479,1,1
271,-529993827,default,TRAIN,85835.56,86317.9,482.3359,QUEST_COMPLETE,0,-1,0,0.0775092,8,2,0,11,2,0,8,0,277.6875,7.796875,0,84.15625,19.71094,0,29.24219,0,0,-1,0.410457,1,1
272,-529993827,default,TRAIN,86319.02,86545.8,226.7813,CAPTURE,0,-1,0,0.07712166,4,2,0,1,10,0,1,0,146.8906,4.5,0,14.05469,24.30469,0,6.851563,0,0,-1,0.9166248,1,1
273,-529993827,default,TRAIN,86546.93,86953.84,406.9063,CAPTURE,0,-1,0,0.07673606,7,2,0,1,0,4,5,0,272.9453,6.96875,0,0,0,50.82813,53.27344,0,0,-1,0.7986982,1,1
274,-529993827,default,TRAIN,86954.99,86980.93,25.9375,CAPTURE,0,-1,0,0.07635237,1,0,0,0,0,0,0,0,0,0,0,0,0,0,0,0,0,-1,3.410208,1,1
275,-529993827,default,TRAIN,86981.96,87502.16,520.2031,QUEST_COMPLETE,0,-1,0,0.07597061,10,0,0,9,0,0,1,0,377.2813,0,0,116.875,0,0,9.304688,0,0,-1,0.6754973,1,1
276,-529993827,default,TRAIN,87503.41,87933.41,430,QUEST_COMPLETE,0,-1,0,0.07559076,8,0,0,4,0,1,0,0,307.7734,0,0,61.82031,0,10.55469,0,0,0,-1,0.2877252,1,1
277,-529993827,default,TRAIN,87934.44,88582.52,648.0781,QUEST_COMPLETE,0,-1,0,0.07521281,12,1,0,10,0,0,0,0,454.0781,3.210938,0,149.7891,0,0,0,0,0,-1,0.3436915,1,1
278,-529993827,default,TRAIN,88583.57,88815.24,231.6719,CAPTURE,0,-1,0,0.07483675,0,0,0,11,2,0,0,0,0,0,0,178.0313,8.484375,0,0,0,0,-1,1.071071,1,1
279,-529993827,default,TRAIN,88816.3,89288.59,472.2891,CAPTURE,0,-1,0,0.07446256,6,3,0,3,12,13,2,0,215.5547,7.390625,0,26.57813,34.69531,163.25,16.92188,0,0,-1,0.6759845,1,1
280,-529993827,default,TRAIN,89289.89,89668.13,378.2344,QUEST_COMPLETE,0,-1,0,0.07409025,7,1,0,3,4,4,2,0,237.2266,6.164063,0,4.734375,45.16406,54.20313,11.30469,0,0,-1,0.4559715,1,1
281,-529993827,default,TRAIN,89669.13,89988.77,319.6406,CAPTURE,0,-1,0,0.0737198,5,0,0,5,25,4,2,0,162.1875,0,0,22.1875,41.0625,42.77344,21.05469,0,0,-1,0.2995525,1,1
282,-529993827,default,TRAIN,89989.89,90502.08,512.1875,QUEST_COMPLETE,0,-1,0,0.0733512,11,0,0,0,7,0,1,0,426.8281,0,0,0,2.015625,0,11.89063,0,0,-1,0.561251,1,1
283,-529993827,default,TRAIN,90503.08,90687.09,184.0078,CAPTURE,0,-1,0,0.07298445,2,0,0,0,7,0,0,0,86.78906,0,0,0,71.46094,0,0,0,0,-1,1.064122,1,1
284,-529993827,default,TRAIN,90688.13,90925.93,237.8047,CAPTURE,0,-1,0,0.07261953,6,0,0,1,2,0,0,0,217.2813,0,0,17.03906,0.6328125,0,0,0,0,-1,0.6432284,1,1
285,-529993827,default,TRAIN,90927.05,91077.97,150.9219,CAPTURE,0,-1,0,0.07225643,4,0,0,0,0,0,0,0,133.0938,0,0,0,0,0,0,0,0,-1,0.3495221,1,1
286,-529993827,default,TRAIN,91079.09,91181.79,102.6953,CAPTURE,0,-1,0,0.07189515,1,0,0,2,0,0,8,0,14.17969,0,0,13.46094,0,0,41.83594,0,0,-1,1.210679,1,1
287,-529993827,default,TRAIN,91182.87,91419.72,236.8516,CAPTURE,0,-1,0,0.07153568,6,1,0,0,8,0,0,0,190.9688,5.195313,0,0,15.97656,0,0,0,0,-1,0.6012056,1,1
288,-529993827,default,TRAIN,91420.78,91934.11,513.3281,QUEST_COMPLETE,0,-1,0,0.071178,11,0,0,1,17,0,0,0,416.8516,0,0,5.585938,36.67969,0,0,0,0,-1,0.4852496,1,1
289,-529993827,default,TRAIN,91935.12,92319.14,384.0234,QUEST_COMPLETE,0,-1,0,0.0708221,6,0,0,14,8,1,0,0,192.1016,0,0,139.0938,5.320313,12.42188,0,0,0,-1,0.3187934,1,1
290,-529993827,default,TRAIN,92320.15,92803.3,483.1484,QUEST_COMPLETE,0,-1,0,0.07046799,8,0,0,4,2,0,2,0,343.2578,0,0,64.96094,13.89063,0,22.32031,0,0,-1,0.8502045,1,1
291,-529993827,default,TRAIN,92804.34,93329.31,524.9766,QUEST_COMPLETE,0,-1,0,0.07011566,9,0,0,9,1,0,2,0,367.8281,0,0,131.1406,3.460938,0,10.69531,0,0,-1,0.6305401,1,1
292,-529993827,default,TRAIN,93330.37,93749.52,419.1484,QUEST_COMPLETE,0,-1,0,0.06976508,6,0,0,8,15,0,0,0,187.4297,0,0,83.76563,128.7891,0,0,0,0,-1,0.5090172,1,1
293,-529993827,default,TRAIN,93750.7,94064.06,313.3594,CAPTURE,0,-1,0,0.06941625,2,0,0,11,2,0,0,0,87.78906,0,0,159.0469,30.125,0,0,0,0,-1,1.281423,1,1
294,-529993827,default,TRAIN,94065.27,94127.73,62.46875,CAPTURE,0,-1,0,0.06906917,2,0,0,0,0,0,0,0,43.85938,0,0,0,0,0,0,0,0,-1,1.684588,1,1
295,-529993827,default,TRAIN,94128.89,94446.46,317.5703,QUEST_COMPLETE,0,-1,0,0.06872383,6,0,0,4,1,0,0,0,196.0156,0,0,76.19531,3.984375,0,0,0,0,-1,0.4884701,1,1
296,-529993827,default,TRAIN,94447.52,94776.55,329.0313,CAPTURE,0,-1,0,0.06838021,2,0,0,16,10,6,1,0,68.84375,0,0,125.8984,18.09375,53.02344,15.1875,0,0,-1,0.8268069,1,1
297,-529993827,default,TRAIN,94777.72,94948.67,170.9531,CAPTURE,0,-1,0,0.06803831,2,0,0,5,1,0,0,0,84.57813,0,0,61.78125,8.679688,0,0,0,0,-1,1.119727,1,1
298,-529993827,default,TRAIN,94949.77,95100.88,151.1094,CAPTURE,0,-1,0,0.06769811,2,0,0,3,5,0,0,0,84.32031,0,0,4.632813,49.38281,0,0,0,0,-1,1.054148,1,1
299,-529993827,default,TRAIN,95102.18,95145.49,43.3125,CAPTURE,0,-1,0,0.06735963,1,0,0,1,1,0,0,0,28.86719,0,0,0,7.398438,0,0,0,0,-1,3.268931,1,1
300,-529993827,default,TRAIN,95146.57,95636.3,489.7344,QUEST_COMPLETE,0,-1,0,0.06702283,9,1,0,9,0,5,0,0,326.5547,5.226563,0,93.63281,0,56.70313,0,0,0,-1,0.8929494,1,1
301,-529993827,default,TRAIN,95637.47,96093.2,455.7266,QUEST_COMPLETE,0,-1,0,0.06668772,11,0,0,1,11,0,0,0,387.8359,0,0,18.74219,12.01563,0,0,0,0,-1,0.5331052,1,1
302,-529993827,default,TRAIN,96094.31,96176.34,82.02344,CAPTURE,0,-1,0,0.06635428,1,0,0,0,10,0,0,0,0,0,0,0,21.29688,0,0,0,0,-1,0.547559,1,1
303,-529993827,default,TRAIN,96177.39,96608.37,430.9766,QUEST_COMPLETE,0,-1,0,0.06602251,8,0,0,5,0,0,0,0,285.1797,0,0,78.33594,0,0,0,0,0,-1,0.4328228,1,1
304,-529993827,default,TRAIN,96609.38,96832.02,222.6484,CAPTURE,0,-1,0,0.06569239,5,1,0,0,0,0,0,0,172,4.914063,0,0,0,0,0,0,0,-1,0.3804233,1,1
305,-529993827,default,TRAIN,96833.16,96866.1,32.9375,CAPTURE,0,-1,0,0.06536394,1,0,0,0,0,0,0,0,0,0,0,0,0,0,0,0,0,-1,0.8602998,1,1
306,-529993827,default,TRAIN,96867.11,96914.49,47.38281,CAPTURE,0,-1,0,0.06503712,1,1,0,0,0,1,0,0,24.17969,5.046875,0,0,0,0,0,0,0,-1,2.505498,1,1
307,-529993827,default,TRAIN,96915.59,96957.31,41.72656,CAPTURE,0,-1,0,0.06471193,1,0,0,0,0,0,0,0,0,0,0,0,0,0,0,0,0,-1,3.105703,1,1
308,-529993827,default,TRAIN,96958.38,96997.16,38.78125,CAPTURE,0,-1,0,0.06438837,1,0,0,2,0,0,0,0,0,0,0,21.46875,0,0,0,0,0,-1,0.3916627,1,1
309,-529993827,default,TRAIN,96998.18,97748.45,750.2734,QUEST_COMPLETE,0,-1,0,0.06406643,12,0,0,5,14,0,0,0,501.8203,0,0,45.75781,162.8984,0,0,0,0,-1,0.5485053,1,1
310,-529993827,default,TRAIN,97749.53,98525.71,776.1797,QUEST_COMPLETE,0,-1,0,0.0637461,9,0,0,13,15,1,9,0,337.0547,0,0,155.8516,203.3594,13.10156,33.57813,0,0,-1,0.5340465,1,1
311,-529993827,default,TRAIN,98526.75,98829.85,303.1016,QUEST_COMPLETE,0,-1,0,0.06342737,7,0,0,3,0,0,0,0,252.5078,0,0,29.9375,0,0,0,0,0,-1,0.5538717,1,1
312,-529993827,default,TRAIN,98830.88,99133.1,302.2188,QUEST_COMPLETE,0,-1,0,0.06311024,5,0,0,2,2,0,0,0,203.9766,0,0,36.61719,11.52344,0,0,0,0,-1,0.9235407,1,1
313,-529993827,default,TRAIN,99134.25,99314.95,180.7031,CAPTURE,0,-1,0,0.06279469,2,0,0,4,1,1,0,0,84.50781,0,0,63.05469,15.01563,0,0,0,0,-1,1.589954,1,1
314,-529993827,default,TRAIN,99316.05,99696.23,380.1875,QUEST_COMPLETE,0,-1,0,0.06248071,6,1,0,3,4,3,3,0,219.2813,5.164063,0,44.85156,52.01563,39.55469,7.992188,0,0,-1,0.8017066,1,1
315,-529993827,default,TRAIN,99697.38,99739.09,41.71875,CAPTURE,0,-1,0,0.06216831,1,0,0,1,0,0,0,0,36.65625,0,0,0,0,0,0,0,0,-1,4.094738,1,1
316,-529993827,default,TRAIN,99740.26,100345.5,605.2344,QUEST_COMPLETE,0,-1,0,0.06185747,11,0,0,13,0,0,9,0,432.1563,0,0,101.6406,0,0,44.15625,0,0,-1,0.5083062,1,1
317,-529993827,default,TRAIN,100346.5,100365.1,18.61719,CAPTURE,0,-1,0,0.06154818,1,0,0,0,0,0,0,0,0,0,0,0,0,0,0,0,0,-1,0.8326979,1,1
318,-529993827,default,TRAIN,100366.3,100861.2,494.9063,CAPTURE,0,-1,0,0.06124044,3,0,0,13,1,8,1,0,118.8203,0,0,191.8516,4.71875,104.0703,15.17969,0,0,-1,0.84996,1,1
319,-529993827,default,TRAIN,100862.4,101530.3,667.8281,QUEST_COMPLETE,0,-1,0,0.06093424,13,1,0,24,10,0,0,0,483.9453,5.28125,0,128.5078,19.71875,0,0,0,0,-1,0.507901,1,1
320,-529993827,default,TRAIN,101531.3,101871.5,340.2344,CAPTURE,0,-1,0,0.06062957,8,0,0,1,0,0,0,0,315.9375,0,0,0,0,0,0,0,0,-1,1.539116,1,1
321,-529993827,default,TRAIN,101872.8,102078.7,205.8828,CAPTURE,0,-1,0,0.06032642,5,0,0,0,0,0,0,0,172.5469,0,0,0,0,0,0,0,0,-1,1.078411,1,1
322,-529993827,default,TRAIN,102079.8,102235,155.2734,CAPTURE,0,-1,0,0.06002479,2,0,0,0,0,6,0,0,86.47656,0,0,0,0,50.53906,0,0,0,-1,1.682002,1,1
323,-529993827,default,TRAIN,102236.1,102788.3,552.125,QUEST_COMPLETE,0,-1,0,0.05972466,13,0,0,0,1,7,0,0,405.9453,0,0,0,5.179688,92.75,0,0,0,-1,0.9343554,1,1
324,-529993827,default,TRAIN,102789.3,102918.1,128.7578,CAPTURE,0,-1,0,0.05942604,3,0,0,4,0,0,0,0,86.47656,0,0,26.10938,0,0,0,0,0,-1,0.6779811,1,1
325,-529993827,default,TRAIN,102919.1,102926.2,7.023438,CAPTURE,0,-1,0,0.05912891,0,0,0,0,0,0,0,0,0,0,0,0,0,0,0,0,0,-1,1.300849,1,1
326,-529993827,default,TRAIN,102927.4,103142.9,215.5078,CAPTURE,0,-1,0,0.05883327,5,0,0,2,0,5,0,0,136.0781,0,0,32.80469,0,17.10938,0,0,0,-1,0.4203527,1,1
327,-529993827,default,TRAIN,103144.1,103264.7,120.5859,CAPTURE,0,-1,0,0.0585391,2,1,0,0,0,0,0,0,87.01563,0,0,0,0,0,0,0,0,-1,2.68066,1,1
328,-529993827,default,TRAIN,103265.8,103679.7,413.9141,QUEST_COMPLETE,0,-1,0,0.0582464,9,0,0,3,2,0,9,0,354.2656,0,0,18.53906,0.5703125,0,28.23438,0,0,-1,0.5360379,1,1
329,-529993827,default,TRAIN,103680.9,104151.1,470.1797,QUEST_COMPLETE,0,-1,0,0.05795517,6,0,0,10,19,5,8,0,175.9609,0,0,55.84375,63.35938,69.89063,36.77344,0,0,-1,0.4887994,1,1
330,-529993827,default,TRAIN,104152.2,104500.3,348.1016,QUEST_COMPLETE,0,-1,0,0.0576654,7,0,0,6,0,1,0,0,259.7891,0,0,39.92969,0,13.16406,0,0,0,-1,0.4261734,1,1
331,-529993827,default,TRAIN,104501.6,105126.4,624.8828,QUEST_COMPLETE,0,-1,0,0.05737707,8,1,0,14,15,2,3,0,345.4219,2.476563,0,113.7813,71.34375,30.17969,38.57031,0,0,-1,0.669551,1,1
332,-529993827,default,TRAIN,105127.5,105482.4,354.8672,QUEST_COMPLETE,0,-1,0,0.05709019,4,0,0,12,14,1,2,0,135.1641,0,0,68.375,78.57031,15.10156,23.55469,0,0,-1,0.3314692,1,1
333,-529993827,default,TRAIN,105483.4,105828.6,345.1719,QUEST_COMPLETE,0,-1,0,0.05680474,1,0,0,13,14,0,14,0,30.07031,0,0,142.75,71.9375,0,65.53125,0,0,-1,0.421147,1,1
334,-529993827,default,TRAIN,105829.6,106016.8,187.1719,CAPTURE,0,-1,0,0.05652071,0,0,0,7,1,10,3,0,0,0,0,34.28125,0.5390625,91.32813,38.19531,0,0,-1,0.8098601,1,1
335,-529993827,default,TRAIN,106017.9,106033.6,15.74219,CAPTURE,0,-1,0,0.05623811,0,0,0,2,0,0,0,0,0,0,0,4.867188,0,0,0,0,0,-1,3.691207,1,1
336,-529993827,default,TRAIN,106034.8,106156.1,121.25,CAPTURE,0,-1,0,0.05595692,1,0,0,10,0,0,0,0,45.09375,0,0,39.04688,0,0,0,0,0,-1,1.732887,1,1
337,-529993827,default,TRAIN,106157.1,106174.7,17.53125,CAPTURE,0,-1,0,0.05567713,0,1,0,0,0,1,0,0,0,4.640625,0,0,0,0,0,0,0,-1,4.205686,1,1
338,-529993827,default,TRAIN,106175.8,106757.5,581.6719,QUEST_COMPLETE,0,-1,0,0.05539875,5,2,0,32,17,1,11,0,161.8047,5.546875,0,243.1016,102.1563,4.46875,51.78125,0,0,-1,0.5473667,1,1
339,-529993827,default,TRAIN,106758.5,107087.9,329.375,CAPTURE,0,-1,0,0.05512175,8,0,0,1,0,0,0,0,305.7344,0,0,19.95313,0,0,0,0,0,-1,0.6717092,1,1
340,-529993827,default,TRAIN,107089,107543.8,454.7969,QUEST_COMPLETE,0,-1,0,0.05484615,8,0,0,9,1,1,0,0,291.2031,0,0,78.79688,7.320313,9.125,0,0,0,-1,0.4912558,1,1
341,-529993827,default,TRAIN,107544.8,107964.6,419.7422,CAPTURE,0,-1,0,0.05457192,7,0,0,13,7,0,2,0,298.1094,0,0,74.39063,2.070313,0,21.625,0,0,-1,0.6235818,1,1
342,-529993827,default,TRAIN,107965.7,108017.5,51.77344,CAPTURE,0,-1,0,0.05429906,1,0,0,0,2,0,0,0,0,0,0,0,26.00781,0,0,0,0,-1,0.8515838,1,1
343,-529993827,default,TRAIN,108018.8,108296.1,277.3594,QUEST_COMPLETE,0,-1,0,0.05402756,3,0,0,18,27,0,0,0,90.27344,0,0,139.3984,34.29688,0,0,0,0,-1,0.508166,1,1
344,-529993827,default,TRAIN,108297.1,108556.1,258.9766,CAPTURE,0,-1,0,0.05375743,4,0,0,8,0,0,0,0,112.5391,0,0,87.07813,0,0,0,0,0,-1,0.369591,1,1
345,-529993827,default,TRAIN,108557.2,108845.2,287.9609,CAPTURE,0,-1,0,0.05348864,4,1,0,14,15,0,0,0,132.125,4.859375,0,121.3203,18.05469,0,0,0,0,-1,0.4052122,1,1
346,-529993827,default,TRAIN,108846.3,108934.6,88.3125,CAPTURE,0,-1,0,0.0532212,1,0,0,0,0,0,5,0,0,0,0,0,0,0,23.02344,0,0,-1,0.08012261,1,1
347,-529993827,default,TRAIN,108935.7,109205.2,269.4922,CAPTURE,0,-1,0,0.05295509,3,0,0,6,4,1,1,0,133.6953,0,0,92.07813,11.19531,7.078125,0,0,0,-1,0.9906569,1,1
348,-529993827,default,TRAIN,109206.5,109596.1,389.6484,CAPTURE,0,-1,0,0.05269032,6,0,0,3,8,0,0,0,204.8594,0,0,46.33594,114,0,0,0,0,-1,0.6105571,1,1
349,-529993827,default,TRAIN,109597.3,109747,149.6484,CAPTURE,0,-1,0,0.05242686,4,0,0,0,0,0,0,0,129.25,0,0,0,0,0,0,0,0,-1,0.5517984,1,1
350,-529993827,default,TRAIN,109748.1,110219.5,471.4141,QUEST_COMPLETE,0,-1,0,0.05216473,10,0,0,2,11,1,1,0,342.0156,0,0,32.6875,64.14063,12.71094,3.765625,0,0,-1,0.3653417,1,1
351,-529993827,default,TRAIN,110220.6,110510.3,289.7031,CAPTURE,0,-1,0,0.05190391,5,0,0,0,7,0,0,0,164.7578,0,0,0,62.99219,0,0,0,0,-1,0.2934103,1,1
352,-529993827,default,TRAIN,110511.4,110746.3,234.8906,CAPTURE,0,-1,0,0.05164439,1,1,0,21,17,1,1,0,39.01563,0,0,121.9453,19.78125,10.74219,15.83594,0,0,-1,0.5097618,1,1
353,-529993827,default,TRAIN,110747.4,111127.2,379.7734,CAPTURE,0,-1,0,0.05138617,3,1,0,9,3,3,4,0,135.4141,5.109375,0,145.9922,36.40625,28.6875,15.40625,0,0,-1,1.052905,1,1
354,-529993827,default,TRAIN,111128.3,111672,543.7188,QUEST_COMPLETE,0,-1,0,0.05112924,9,0,0,1,19,0,8,0,335.9453,0,0,9.890625,150.6875,0,30.23438,0,0,-1,0.5654365,1,1
355,-529993827,default,TRAIN,111673.1,111809.3,136.2422,CAPTURE,0,-1,0,0.05087359,2,0,0,1,0,0,0,0,84.10938,0,0,0,0,0,0,0,0,-1,2.939546,1,1
356,-529993827,default,TRAIN,111810.5,112490.7,680.1641,QUEST_COMPLETE,0,-1,0,0.05061923,14,0,0,9,4,1,0,0,580.7578,0,0,60.4375,7.914063,0,0,0,0,-1,0.7737716,1,1
357,-529993827,default,TRAIN,112491.8,112754.9,263.0469,CAPTURE,0,-1,0,0.05036613,4,0,0,6,14,0,0,0,118.5234,0,0,63.20313,67.625,0,0,0,0,-1,0.4254791,1,1
358,-529993827,default,TRAIN,112756.1,112973,216.8906,CAPTURE,0,-1,0,0.0501143,0,0,0,12,14,0,0,0,0,0,0,129.0625,43.24219,0,0,0,0,-1,0.8420997,1,1
359,-529993827,default,TRAIN,112974.3,113270.7,296.4063,QUEST_COMPLETE,0,-1,0,0.05,2,1,0,13,19,0,2,0,85.76563,2.445313,0,95.96094,81.59375,0,30.17188,0,0,-1,0.7466508,1,1
360,-529993827,default,TRAIN,113271.7,113855.1,583.3125,CAPTURE,0,-1,0,0.05,7,0,0,6,15,0,0,0,303.5234,0,0,95.71875,159.1641,0,0,0,0,-1,0.8209371,1,1
361,-529993827,default,TRAIN,113856.1,114516.3,660.1563,QUEST_COMPLETE,0,-1,0,0.05,9,0,0,17,11,0,0,0,344.1016,0,0,253.1484,32.07813,0,0,0,0,-1,0.4215626,1,1
362,-529993827,default,TRAIN,114517.3,114664.2,146.8516,CAPTURE,0,-1,0,0.05,3,0,0,0,0,0,0,0,90.1875,0,0,0,0,0,0,0,0,-1,0.3906327,1,1
363,-529993827,default,TRAIN,114665.4,115251.5,586.0781,QUEST_COMPLETE,0,-1,0,0.05,8,0,0,17,0,3,7,0,267.5,0,0,186.9219,0,38.75781,27.36719,0,0,-1,0.4413671,1,1
364,-529993827,default,TRAIN,115252.8,115981.6,728.8594,QUEST_COMPLETE,0,-1,0,0.05,9,0,0,19,0,1,13,0,339.0781,0,0,264.4453,0,15.16406,82.78906,0,0,-1,0.3029743,1,1
365,-529993827,default,TRAIN,115982.7,116609.8,627.1719,QUEST_COMPLETE,0,-1,0,0.05,11,0,0,9,2,0,2,0,456.1563,0,0,131.7422,4.171875,0,7.335938,0,0,-1,0.7064468,1,1
366,-529993827,default,TRAIN,116610.9,116684.4,73.46094,CAPTURE,0,-1,0,0.05,1,0,0,2,0,0,0,0,40.00781,0,0,13.08594,0,0,0,0,0,-1,3.016662,1,1
367,-529993827,default,TRAIN,116685.4,117466.1,780.6953,QUEST_COMPLETE,0,-1,0,0.05,9,2,0,27,0,0,3,0,328.5859,5.984375,0,378.6328,0,0,34.35156,0,0,-1,0.6647918,1,1
368,-529993827,default,TRAIN,117467.1,117553.6,86.42969,CAPTURE,0,-1,0,0.05,1,0,0,0,2,0,0,0,39.42188,0,0,0,12.67188,0,0,0,0,-1,3.465918,1,1
369,-529993827,default,TRAIN,117554.8,118349.7,794.9219,QUEST_COMPLETE,0,-1,0,0.05,14,2,0,2,10,2,7,0,532.0625,7.703125,0,42.80469,102.5625,26.50781,45.03125,0,0,-1,0.4279747,1,1
370,-529993827,default,TRAIN,118350.7,118679.1,328.3438,CAPTURE,0,-1,0,0.05,7,0,0,0,1,0,0,0,304.9063,0,0,0,0,0,0,0,0,-1,1.570385,1,1
371,-529993827,default,TRAIN,118680.2,118745.5,65.32031,CAPTURE,0,-1,0,0.05,0,0,0,1,11,0,0,0,0,0,0,0,49.625,0,0,0,0,-1,1.852172,1,1
372,-529993827,default,TRAIN,118746.7,119038.5,291.7891,CAPTURE,0,-1,0,0.05,1,0,0,7,24,2,1,0,42.17969,0,0,68.10156,148.1719,8.992188,8.132813,0,0,-1,0.879083,1,1
373,-529993827,default,TRAIN,119039.5,119402.2,362.6797,CAPTURE,0,-1,0,0.05,5,2,0,13,2,3,1,0,171.2578,6.382813,0,85.27344,15.29688,45.21875,15.13281,0,0,-1,0.4793472,1,1
374,-529993827,default,TRAIN,119403.2,119740.5,337.2813,CAPTURE,0,-1,0,0.05,7,0,0,5,0,0,0,0,247.2109,0,0,79.03125,0,0,0,0,0,-1,1.056604,1,1
375,-529993827,default,TRAIN,119741.6,120289,547.3516,QUEST_COMPLETE,0,-1,0,0.05,9,2,0,7,14,2,0,0,353.1172,8.757813,0,105.0938,29.36719,26.39844,0,0,0,-1,0.844757,1,1
376,-529993827,default,TRAIN,120290.1,120445.6,155.5469,CAPTURE,0,-1,0,0.05,0,0,0,8,0,0,0,0,0,0,0,111.5547,0,0,0,0,0,-1,1.700553,1,1
377,-529993827,default,TRAIN,120446.7,120695.3,248.6406,QUEST_COMPLETE,0,-1,0,0.05,3,0,0,8,0,0,0,0,72.57031,0,0,118.8281,0,0,0,0,0,-1,0.8740659,1,1
378,-529993827,default,TRAIN,120696.4,120801.5,105.1328,CAPTURE,0,-1,0,0.05,2,0,0,2,0,0,0,0,87.75781,0,0,9.90625,0,0,0,0,0,-1,2.471373,1,1
379,-529993827,default,TRAIN,120802.5,121040.4,237.8672,CAPTURE,0,-1,0,0.05,4,0,0,1,0,5,0,0,139.4375,0,0,25.02344,0,49.64844,0,0,0,-1,1.418645,1,1
380,-529993827,default,TRAIN,121041.6,121327.9,286.3281,CAPTURE,0,-1,0,0.05,4,1,0,13,0,1,0,0,117.4766,5.25,0,141.6406,0,12.66406,0,0,0,-1,1.097458,1,1
381,-529993827,default,TRAIN,121329.1,121494.5,165.4609,CAPTURE,0,-1,0,0.05,4,0,0,1,0,0,0,0,129.1797,0,0,15.89063,0,0,0,0,0,-1,0.7635117,1,1
382,-529993827,default,TRAIN,121495.5,122166.1,670.5547,QUEST_COMPLETE,0,-1,0,0.05,12,0,0,9,1,0,0,0,463.8672,0,0,127.7031,0.296875,0,0,0,0,-1,0.4420631,1,1
383,-529993827,default,TRAIN,122167.2,122297.3,130.1016,CAPTURE,0,-1,0,0.05,2,1,0,5,0,1,0,0,79.78906,5.054688,0,31.58594,0,9.101563,0,0,0,-1,1.6728,1,1
384,-529993827,default,TRAIN,122298.3,122352.1,53.78125,CAPTURE,0,-1,0,0.05,1,0,0,0,0,0,0,0,0,0,0,0,0,0,0,0,0,-1,3.451496,1,1
385,-529993827,default,TRAIN,122353.4,122404,50.63281,CAPTURE,0,-1,0,0.05,2,0,0,0,0,0,0,0,44.67188,0,0,0,0,0,0,0,0,-1,0.1975455,1,1
386,-529993827,default,TRAIN,122405.1,122487.5,82.41406,CAPTURE,0,-1,0,0.05,1,0,0,0,0,0,0,0,0,0,0,0,0,0,0,0,0,-1,0.4171706,1,1
387,-529993827,default,TRAIN,122488.5,122574.7,86.21094,CAPTURE,0,-1,0,0.05,2,0,0,0,0,0,0,0,39.92969,0,0,0,0,0,0,0,0,-1,0.5741264,1,1
388,-529993827,default,TRAIN,122575.9,122638.4,62.42188,CAPTURE,0,-1,0,0.05,1,0,0,0,0,0,0,0,0,0,0,0,0,0,0,0,0,-1,0.803988,1,1
389,-529993827,default,TRAIN,122639.5,122720.6,81.10938,CAPTURE,0,-1,0,0.05,2,0,0,0,0,0,0,0,45.11719,0,0,0,0,0,0,0,0,-1,0.8608925,1,1
390,-529993827,default,TRAIN,122721.9,123170.6,448.7109,QUEST_COMPLETE,0,-1,0,0.05,7,1,0,9,2,6,1,0,206.1484,5.25,0,126.9141,10.39844,62.51563,3.171875,0,0,-1,0.4713285,1,1
391,-529993827,default,TRAIN,123171.6,123375.7,204.1016,CAPTURE,0,-1,0,0.05,5,0,0,0,0,0,0,0,154.8984,0,0,0,0,0,0,0,0,-1,0.1486274,1,1
392,-529993827,default,TRAIN,123376.8,123441.1,64.28906,CAPTURE,0,-1,0,0.05,2,0,0,0,0,0,0,0,42.16406,0,0,0,0,0,0,0,0,-1,0.7113703,1,1
393,-529993827,default,TRAIN,123442.1,123872.3,430.1953,CAPTURE,0,-1,0,0.05,5,1,0,11,0,6,0,0,201.0703,5.5,0,139.2969,0,76.95313,0,0,0,-1,0.8564889,1,1
394,-529993827,default,TRAIN,123873.5,124227.1,353.5391,QUEST_COMPLETE,0,-1,0,0.05,7,1,0,4,1,0,0,0,244.1328,5.039063,0,54.75781,10.97656,0,0,0,0,-1,1.116326,1,1
395,-529993827,default,TRAIN,124228.3,124904.1,675.8594,QUEST_COMPLETE,0,-1,0,0.05,13,1,0,10,10,1,1,0,469.0547,2.3125,0,132.5703,22.17188,13.28906,8.703125,0,0,-1,0.5392628,1,1
396,-529993827,default,TRAIN,124905.1,125012.2,107.1016,CAPTURE,0,-1,0,0.05,1,0,0,2,0,0,0,0,43.96094,0,0,13.89063,0,0,0,0,0,-1,2.713642,1,1
397,-529993827,default,TRAIN,125013.3,125093.5,80.22656,CAPTURE,0,-1,0,0.05,2,0,0,1,1,0,0,0,40.00781,0,0,11.4375,0.296875,0,0,0,0,-1,1.922784,1,1
398,-529993827,default,TRAIN,125094.6,125611.7,517.0938,QUEST_COMPLETE,0,-1,0,0.05,11,0,0,4,0,4,0,0,382.3984,0,0,41.63281,0,38.39844,0,0,0,-1,0.6700075,1,1
399,-529993827,default,TRAIN,125612.8,125955.9,343.1094,QUEST_COMPLETE,0,-1,0,0.05,7,0,0,15,0,0,0,0,248.7813,0,0,82.41406,0,0,0,0,0,-1,0.3618056,1,1
400,-529993827,default,TRAIN,125957,126058.9,101.875,CAPTURE,0,-1,0,0.05,1,0,0,10,0,0,0,0,42.71094,0,0,18.92188,0,0,0,0,0,-1,1.195469,1,1
401,-529993827,default,TRAIN,126060.1,126465.8,405.7344,CAPTURE,0,-1,0,0.05,6,1,0,9,0,1,3,0,191.1328,5.234375,0,134.9141,0,5.132813,42.66406,0,0,-1,0.8488249,1,1
402,-529993827,default,TRAIN,126466.9,126832.9,365.9609,CAPTURE,0,-1,0,0.05,2,1,0,12,4,0,1,0,86.17969,2.375,0,194.6563,30.1875,0,0,0,0,-1,1.023412,1,1
403,-529993827,default,TRAIN,126833.9,127274.4,440.5469,CAPTURE,0,-1,0,0.05,6,0,0,4,5,5,9,0,205.3438,0,0,59.84375,46.5,56.46094,68.5,0,0,-1,0.7357575,1,1
404,-529993827,default,TRAIN,127275.6,127297,21.375,CAPTURE,0,-1,0,0.05,1,0,0,1,0,0,0,0,0,0,0,1.351563,0,0,0,0,0,-1,1.270076,1,1
405,-529993827,default,TRAIN,127298.1,127657.9,359.7188,CAPTURE,0,-1,0,0.05,6,1,0,4,4,3,9,0,194.5234,2.578125,0,37.16406,39.02344,35.91406,42.28906,0,0,-1,0.7989074,1,1
406,-529993827,default,TRAIN,127658.9,127982.1,323.2109,QUEST_COMPLETE,0,-1,0,0.05,7,0,0,2,1,0,8,0,203.6328,0,0,29.28906,9.632813,0,41.20313,0,0,-1,0.7025334,1,1
407,-529993827,default,TRAIN,127983.2,128514.6,531.3672,QUEST_COMPLETE,0,-1,0,0.05,9,0,0,9,12,4,2,0,342.5547,0,0,58.75781,42.97656,39.35938,30.11719,0,0,-1,0.5778661,1,1
408,-529993827,default,TRAIN,128515.7,129124.8,609.1094,QUEST_COMPLETE,0,-1,0,0.05,7,0,0,4,0,15,6,0,294.5625,0,0,52.89063,0,174.4922,73.01563,0,0,-1,0.6913012,1,1
409,-529993827,default,TRAIN,129125.9,129344.7,218.7578,CAPTURE,0,-1,0,0.05,5,1,0,0,0,2,0,0,158.1719,2.539063,0,0,0,23.9375,0,0,0,-1,0.3978648,1,1
410,-529993827,default,TRAIN,129345.7,129818.3,472.5938,QUEST_COMPLETE,0,-1,0,0.05,10,3,0,2,7,1,0,0,364.3984,8.601563,0,2.929688,55.0625,9.078125,0,0,0,-1,0.3382145,1,1
411,-529993827,default,TRAIN,129819.3,130131.6,312.2891,QUEST_COMPLETE,0,-1,0,0.05,7,0,0,2,2,0,0,0,248.6172,0,0,17.22656,9.640625,0,0,0,0,-1,0.3760603,1,1
412,-529993827,default,TRAIN,130132.6,130149.1,16.4375,CAPTURE,0,-1,0,0.05,0,0,0,0,0,0,0,0,0,0,0,0,0,0,0,0,0,-1,-1,1,1
413,-529993827,default,TRAIN,130150.3,130393.1,242.7813,CAPTURE,0,-1,0,0.05,6,1,0,0,0,2,1,0,197.1875,5.335938,0,0,0,26.66406,0,0,0,-1,1.272547,1,1
414,-529993827,default,TRAIN,130394.1,130793.5,399.3516,QUEST_COMPLETE,0,-1,0,0.05,11,0,0,1,0,1,0,0,366.9844,0,0,3.8125,0,13.25,0,0,0,-1,0.6823393,1,1
415,-529993827,default,TRAIN,130794.6,131069,274.375,CAPTURE,0,-1,0,0.05,4,0,0,0,6,0,0,0,174.6953,0,0,0,55.19531,0,0,0,0,-1,1.011966,1,1
416,-529993827,default,TRAIN,131070.1,131308.2,238.0938,CAPTURE,0,-1,0,0.05,4,1,0,12,0,0,0,0,131.25,6.171875,0,89.97656,0,0,0,0,0,-1,1.024975,1,1
417,-529993827,default,TRAIN,131309.3,132244.5,935.1875,QUEST_COMPLETE,0,-1,0,0.05,10,0,0,22,2,12,9,0,398.4531,0,0,361.9375,17.0625,85.9375,45.14063,0,0,-1,0.5797674,1,1
418,-529993827,default,TRAIN,132245.7,132304.4,58.64063,CAPTURE,0,-1,0,0.05,1,0,0,0,0,0,0,0,0,0,0,0,0,0,0,0,0,-1,0.5166349,1,1
419,-529993827,default,TRAIN,132305.5,132968.5,663.0469,QUEST_COMPLETE,0,-1,0,0.05,11,0,0,9,10,0,0,0,399.5,0,0,136.0156,109.1563,0,0,0,0,-1,0.4705567,1,1
420,-529993827,default,TRAIN,132969.5,133376.7,407.125,CAPTURE,0,-1,0,0.05,7,0,0,7,0,0,0,0,249.3125,0,0,105.2188,0,0,0,0,0,-1,0.351879,1,1
421,-529993827,default,TRAIN,133377.9,133525.8,147.8281,CAPTURE,0,-1,0,0.05,2,0,0,8,10,0,0,0,45.1875,0,0,31.53125,19.45313,0,0,0,0,-1,0.5094964,1,1
422,-529993827,default,TRAIN,133527,133829.4,302.3281,CAPTURE,0,-1,0,0.05,5,2,0,5,0,1,0,0,191.5469,19.78125,0,78.82813,0,0,0,0,0,-1,1.113691,1,1
423,-529993827,default,TRAIN,133830.4,133871.2,40.82813,CAPTURE,0,-1,0,0.05,1,0,0,0,0,0,0,0,0,0,0,0,0,0,0,0,0,-1,2.789437,1,1
424,-529993827,default,TRAIN,133872.4,134022.1,149.7813,CAPTURE,0,-1,0,0.05,3,0,0,0,0,3,0,0,126.75,0,0,0,0,14.9375,0,0,0,-1,1.756533,1,1
425,-529993827,default,TRAIN,134023.3,134416.4,393.1406,QUEST_COMPLETE,0,-1,0,0.05,8,0,0,2,0,0,0,0,312.9688,0,0,30,0,0,0,0,0,-1,0.7671058,1,1
426,-529993827,default,TRAIN,134417.4,134625.4,207.9375,CAPTURE,0,-1,0,0.05,4,0,0,3,0,0,0,0,171.0313,0,0,31.89063,0,0,0,0,0,-1,1.618603,1,1
427,-529993827,default,TRAIN,134626.8,135467.3,840.5781,QUEST_COMPLETE,0,-1,0,0.05,8,1,0,0,1,35,33,0,269.8438,5.21875,0,0,4.09375,253.0781,272.2344,0,0,-1,0.1087445,1,1
428,-529993827,default,TRAIN,135468.5,135916.8,448.2656,CAPTURE,0,-1,0,0.05,8,0,0,7,0,0,0,0,299.6406,0,0,99.125,0,0,0,0,0,-1,0.5454208,1,1
429,-529993827,default,TRAIN,135918,136303.4,385.4063,QUEST_COMPLETE,0,-1,0,0.05,8,0,0,2,0,0,2,0,312.2969,0,0,15.59375,0,0,24.21875,0,0,-1,0.4085048,1,1
430,-529993827,default,TRAIN,136304.7,136502.2,197.4844,CAPTURE,0,-1,0,0.05,4,0,0,2,0,0,0,0,162.0313,0,0,13.40625,0,0,0,0,0,-1,1.649323,1,1
431,-529993827,default,TRAIN,136503.3,136595.6,92.35938,CAPTURE,0,-1,0,0.05,2,0,0,1,2,0,0,0,28.73438,0,0,23.51563,0.734375,0,0,0,0,-1,0.7566166,1,1
432,-529993827,default,TRAIN,136596.6,136881.4,284.7969,CAPTURE,0,-1,0,0.05,6,1,0,2,1,1,0,0,234.6406,5,0,25.5625,1.890625,0,0,0,0,-1,1.092682,1,1
433,-529993827,default,TRAIN,136882.7,137307.7,424.9844,QUEST_COMPLETE,0,-1,0,0.05,4,0,0,19,2,0,3,0,148.125,0,0,241.6719,5.359375,0,19.42188,0,0,-1,0.4578072,1,1
434,-529993827,default,TRAIN,137308.8,137361,52.29688,CAPTURE,0,-1,0,0.05,2,0,0,0,0,0,0,0,45.0625,0,0,0,0,0,0,0,0,-1,0.8272842,1,1
435,-529993827,default,TRAIN,137362.2,137674.6,312.3438,CAPTURE,0,-1,0,0.05,1,0,0,17,4,0,0,0,40.95313,0,0,223.4375,32.90625,0,0,0,0,-1,1.000454,1,1
436,-529993827,default,TRAIN,137675.7,138466.3,790.6563,QUEST_COMPLETE,0,-1,0,0.05,8,0,0,26,12,7,8,0,340.8281,0,0,209.9688,113.375,76.57813,49.23438,0,0,-1,0.4805109,1,1
437,-529993827,default,TRAIN,138467.4,139007.4,539.9375,QUEST_COMPLETE,0,-1,0,0.05,11,1,0,11,0,3,7,0,378.1719,5.3125,0,44.28125,0,37.29688,32.10938,0,0,-1,0.4141949,1,1
438,-529993827,default,TRAIN,139008.5,139510.8,502.3281,QUEST_COMPLETE,0,-1,0,0.05,9,0,0,7,1,0,0,0,346.0938,0,0,110.125,10.42188,0,0,0,0,-1,0.3505926,1,1
439,-529993827,default,TRAIN,139512,140083.3,571.3906,QUEST_COMPLETE,0,-1,0,0.05,13,0,0,2,0,2,0,0,473.1875,0,0,33.10938,0,23.85938,0,0,0,-1,0.4023925,1,1
440,-529993827,default,TRAIN,140084.5,140132.5,48.0625,CAPTURE,0,-1,0,0.05,1,0,0,0,0,0,0,0,0,0,0,0,0,0,0,0,0,-1,0.0238517,1,1
441,-529993827,default,TRAIN,140133.7,140193.1,59.48438,CAPTURE,0,-1,0,0.05,1,0,0,0,0,0,0,0,0,0,0,0,0,0,0,0,0,-1,0.3815149,1,1
442,-529993827,default,TRAIN,140194.3,140398.1,203.7188,CAPTURE,0,-1,0,0.05,5,0,0,0,0,0,0,0,177.75,0,0,0,0,0,0,0,0,-1,0.4132151,1,1
443,-529993827,default,TRAIN,140399.1,141101.3,702.1875,QUEST_COMPLETE,0,-1,0,0.05,11,0,0,7,11,8,1,0,388.6094,0,0,74.96875,107.1875,78.53125,15.17188,0,0,-1,0.4169815,1,1
444,-529993827,default,TRAIN,141102.4,141329.9,227.5469,CAPTURE,0,-1,0,0.05,4,0,0,1,0,2,0,0,172.4688,0,0,14.3125,0,11.3125,0,0,0,-1,1.767491,1,1
445,-529993827,default,TRAIN,141331,141512.5,181.4688,CAPTURE,0,-1,0,0.05,5,0,0,0,0,0,0,0,162.1094,0,0,0,0,0,0,0,0,-1,1.035594,1,1
446,-529993827,default,TRAIN,141513.5,141603.2,89.6875,CAPTURE,0,-1,0,0.05,2,0,0,0,0,0,0,0,45.125,0,0,0,0,0,0,0,0,-1,0.3661144,1,1
447,-529993827,default,TRAIN,141604.3,141701.5,97.1875,CAPTURE,0,-1,0,0.05,2,0,0,1,0,0,0,0,43.82813,0,0,9.296875,0,0,0,0,0,-1,0.3878493,1,1
448,-529993827,default,TRAIN,141702.5,142124.9,422.4531,QUEST_COMPLETE,0,-1,0,0.05,9,0,0,2,0,4,6,0,289.2031,0,0,29.85938,0,46.15625,20.71875,0,0,-1,0.2607608,1,1
449,-529993827,default,TRAIN,142126,142264.3,138.3125,CAPTURE,0,-1,0,0.05,2,0,0,0,0,2,0,0,45.09375,0,0,0,0,20.15625,0,0,0,-1,0.3619898,1,1
450,-529993827,default,TRAIN,142265.5,142370.8,105.3438,CAPTURE,0,-1,0,0.05,3,0,0,1,0,0,0,0,74.17188,0,0,8,0,0,0,0,0,-1,0.7958935,1,1
451,-529993827,default,TRAIN,142372,142538.3,166.2969,CAPTURE,0,-1,0,0.05,4,0,0,0,0,0,0,0,129.1563,0,0,0,0,0,0,0,0,-1,0.5776749,1,1
452,-529993827,default,TRAIN,142539.4,142557.7,18.25,CAPTURE,0,-1,0,0.05,0,0,0,0,0,0,0,0,0,0,0,0,0,0,0,0,0,-1,-1,1,1
453,-529993827,default,TRAIN,142558.7,142838,279.3281,CAPTURE,0,-1,0,0.05,6,0,0,1,0,8,0,0,190.4219,0,0,15.03125,0,36.48438,0,0,0,-1,0.3600482,1,1
454,-529993827,default,TRAIN,142839.1,143051.3,212.1875,CAPTURE,0,-1,0,0.05,2,0,0,3,1,3,0,0,82.57813,0,0,48.6875,14.90625,30.25,0,0,0,-1,1.776702,1,1
455,-529993827,default,TRAIN,143052.5,143743.8,691.3594,QUEST_COMPLETE,0,-1,0,0.05,13,0,0,9,0,0,0,0,520.6406,0,0,143.4063,0,0,0,0,0,-1,0.4239519,1,1
456,-529993827,default,TRAIN,143744.9,143774.3,29.35938,CAPTURE,0,-1,0,0.05,1,0,0,0,0,0,0,0,0,0,0,0,0,0,0,0,0,-1,0.00212873,1,1
457,-529993827,default,TRAIN,143775.3,143890.2,114.8438,CAPTURE,0,-1,0,0.05,1,1,0,1,1,0,5,0,37.10938,4.609375,0,6.71875,0.34375,0,22.65625,0,0,-1,1.283571,1,1
458,-529993827,default,TRAIN,143891.3,144312.9,421.5938,QUEST_COMPLETE,0,-1,0,0.05,10,1,0,2,0,0,10,0,335.6875,3.359375,0,2.84375,0,0,42.125,0,0,-1,0.8538268,1,1
459,-529993827,default,TRAIN,144314,144393.7,79.64063,CAPTURE,0,-1,0,0.05,2,0,0,0,0,0,0,0,45.01563,0,0,0,0,0,0,0,0,-1,0.3709304,1,1
460,-529993827,default,TRAIN,144394.8,144538,143.1719,CAPTURE,0,-1,0,0.05,3,0,0,3,0,0,0,0,90.46875,0,0,36.40625,0,0,0,0,0,-1,0.4714825,1,1
461,-529993827,default,TRAIN,144539.2,144608.2,69.0625,CAPTURE,0,-1,0,0.05,2,0,0,1,0,0,0,0,45.15625,0,0,8.0625,0,0,0,0,0,-1,0.6163289,1,1
462,-529993827,default,TRAIN,144609.3,145364.3,754.9063,QUEST_COMPLETE,0,-1,0,0.05,14,0,0,22,0,3,0,0,540.8125,0,0,152.7813,0,35.14063,0,0,0,-1,0.5218058,1,1
463,-529993827,default,TRAIN,145365.3,145892.3,526.9531,QUEST_COMPLETE,0,-1,0,0.05,9,0,0,16,0,0,0,0,321.875,0,0,149.8906,0,0,0,0,0,-1,0.3532404,1,1
464,-529993827,default,TRAIN,145893.3,146263.1,369.7188,QUEST_COMPLETE,0,-1,0,0.05,5,0,0,0,16,5,3,0,160.9375,0,0,0,107.6094,61.07813,37.82813,0,0,-1,0.3951568,1,1
465,-529993827,default,TRAIN,146264.3,146407.9,143.5938,CAPTURE,0,-1,0,0.05,3,0,0,1,0,0,0,0,86.375,0,0,13.5625,0,0,0,0,0,-1,0.4516453,1,1
466,-529993827,default,TRAIN,146409.1,146859.3,450.2031,CAPTURE,0,-1,0,0.05,4,0,0,1,3,13,3,0,140.875,0,0,25.125,43.29688,161.8594,31.45313,0,0,-1,1.109652,1,1
467,-529993827,default,TRAIN,146860.3,147809.9,949.625,QUEST_COMPLETE,0,-1,0,0.05,17,0,0,0,11,7,17,0,546.6875,0,0,0,128.1563,93.46875,170.4688,0,0,-1,0.510956,1,1
468,-529993827,default,TRAIN,147811,148018.3,207.2188,CAPTURE,0,-1,0,0.05,5,0,0,1,0,0,0,0,201.7344,0,0,0,0,0,0,0,0,-1,2.155719,1,1
469,-529993827,default,TRAIN,148019.4,148184.7,165.2344,CAPTURE,0,-1,0,0.05,3,0,0,4,0,0,0,0,126.9063,0,0,23.39063,0,0,0,0,0,-1,1.749022,1,1
470,-529993827,default,TRAIN,148185.9,148786,600.125,QUEST_COMPLETE,0,-1,0,0.05,11,0,0,2,24,4,5,0,421.2344,0,0,17.625,49.25,47.60938,22.0625,0,0,-1,0.4763118,1,1
471,-529993827,default,TRAIN,148787.1,148814.5,27.32813,CAPTURE,0,-1,0,0.05,1,0,0,0,0,0,0,0,0,0,0,0,0,0,0,0,0,-1,0.3804777,1,1
472,-529993827,default,TRAIN,148815.5,148852,36.5,CAPTURE,0,-1,0,0.05,0,1,0,0,0,1,0,0,0,2.328125,0,0,0,0,0,0,0,-1,3.105493,1,1
473,-529993827,default,TRAIN,148853.1,148894.5,41.39063,CAPTURE,0,-1,0,0.05,1,0,0,1,0,0,0,0,0,0,0,1.5,0,0,0,0,0,-1,1.940702,1,1
474,-529993827,default,TRAIN,148895.5,149127.6,232.0156,CAPTURE,0,-1,0,0.05,3,2,0,1,0,9,1,0,106.0781,9.421875,0,5.03125,0,93.96875,7.625,0,0,-1,0.990292,1,1
475,-529993827,default,TRAIN,149128.6,149634.6,506.0469,QUEST_COMPLETE,0,-1,0,0.05,9,0,0,4,0,0,7,0,381.625,0,0,62.125,0,0,46.23438,0,0,-1,0.8525715,1,1
476,-529993827,default,TRAIN,149635.7,149684.6,48.90625,CAPTURE,0,-1,0,0.05,2,0,0,0,0,0,0,0,43.82813,0,0,0,0,0,0,0,0,-1,1.12447,1,1
477,-529993827,default,TRAIN,149685.8,150500.8,815.0156,CAPTURE,0,-1,0,0.05,11,1,0,8,9,11,12,0,447.2344,2.453125,0,95.76563,19.54688,101.1094,92.98438,0,0,-1,0.5177913,1,1
478,-529993827,default,TRAIN,150502.1,150511.6,9.515625,CAPTURE,0,-1,0,0.05,1,0,0,1,0,0,0,0,0,0,0,4.84375,0,0,0,0,0,-1,0.6154388,1,1
479,-529993827,default,TRAIN,150512.8,150654.4,141.5625,CAPTURE,0,-1,0,0.05,3,1,0,0,0,2,0,0,100.9063,4.578125,0,0,0,11.78125,0,0,0,-1,1.775244,1,1
480,-529993827,default,TRAIN,150655.6,150692.6,36.96875,CAPTURE,0,-1,0,0.05,1,0,0,1,0,0,0,0,0,0,0,5.21875,0,0,0,0,0,-1,1.599086,1,1
481,-529993827,default,TRAIN,150693.8,151164.9,471.0625,CAPTURE,0,-1,0,0.05,8,2,0,11,0,0,0,0,280.1719,6.5,0,167.5781,0,0,0,0,0,-1,0.5377266,1,1
482,-529993827,default,TRAIN,151166,151419.2,253.1719,CAPTURE,0,-1,0,0.05,5,0,0,0,0,1,2,0,188.5625,0,0,0,0,15.10938,15.09375,0,0,-1,1.489608,1,1
483,-529993827,default,TRAIN,151420.3,151746.5,326.1719,CAPTURE,0,-1,0,0.05,3,0,0,9,2,1,9,0,113.2188,0,0,142.9375,4.4375,15.07813,35,0,0,-1,1.026286,1,1
484,-529993827,default,TRAIN,151747.6,151882.8,135.125,CAPTURE,0,-1,0,0.05,1,1,0,1,7,0,0,0,42.07813,4.953125,0,4.6875,68.67188,0,0,0,0,-1,1.394344,1,1
485,-529993827,default,TRAIN,151883.9,151930.3,46.375,CAPTURE,0,-1,0,0.05,2,0,0,2,0,0,0,0,39.60938,0,0,2.9375,0,0,0,0,0,-1,0.0733875,1,1
486,-529993827,default,TRAIN,151931.6,152564.3,632.7656,QUEST_COMPLETE,0,-1,0,0.05,11,0,0,2,0,23,1,0,351.4063,0,0,11.46875,0,207.8281,15.09375,0,0,-1,0.6394008,1,1
487,-529993827,default,TRAIN,152565.5,152607.7,42.1875,CAPTURE,0,-1,0,0.05,0,0,0,0,0,0,0,0,0,0,0,0,0,0,0,0,0,-1,-1,1,1
488,-529993827,default,TRAIN,152608.8,153183.5,574.6563,QUEST_COMPLETE,0,-1,0,0.05,10,1,0,2,18,0,20,0,404.625,4.859375,0,2.859375,74.79688,0,85.46875,0,0,-1,0.5976724,1,1
489,-529993827,default,TRAIN,153184.5,153406.5,222.0625,CAPTURE,0,-1,0,0.05,6,0,0,0,0,0,0,0,207.0313,0,0,0,0,0,0,0,0,-1,0.4105367,1,1
490,-529993827,default,TRAIN,153407.7,153921.8,514.1094,QUEST_COMPLETE,0,-1,0,0.05,10,0,0,11,9,0,3,0,384.3438,0,0,53.07813,2.671875,0,26,0,0,-1,0.5765913,1,1
491,-529993827,default,TRAIN,153922.9,154031.2,108.3594,CAPTURE,0,-1,0,0.05,1,1,0,0,2,0,0,0,45.28125,0,0,0,20.5625,0,0,0,0,-1,2.065737,1,1
492,-529993827,default,TRAIN,154032.4,154084.5,52.15625,CAPTURE,0,-1,0,0.05,1,0,0,0,0,0,0,0,0,0,0,0,0,0,0,0,0,-1,0.8546809,1,1
493,-529993827,default,TRAIN,154085.6,154792.1,706.5469,QUEST_COMPLETE,0,-1,0,0.05,7,0,0,14,8,7,2,0,270.7344,0,0,188.5156,73.92188,102.8906,20.14063,0,0,-1,0.4018501,1,1
494,-529993827,default,TRAIN,154793.2,154871.5,78.3125,CAPTURE,0,-1,0,0.05,2,0,0,0,0,0,0,0,43.95313,0,0,0,0,0,0,0,0,-1,0.6408368,1,1
495,-529993827,default,TRAIN,154872.5,155190.6,318.0781,CAPTURE,0,-1,0,0.05,4,0,0,0,9,0,0,0,179.0625,0,0,0,88.73438,0,0,0,0,-1,1.009466,1,1
496,-529993827,default,TRAIN,155191.7,155310.5,118.8281,CAPTURE,0,-1,0,0.05,2,2,0,2,0,0,0,0,88.35938,13.10938,0,12.57813,0,0,0,0,0,-1,1.448799,1,1
497,-529993827,default,TRAIN,155311.8,155909.3,597.5469,QUEST_COMPLETE,0,-1,0,0.05,7,0,0,21,0,0,11,0,243.3281,0,0,291.5156,0,0,45.54688,0,0,-1,0.4003418,1,1
498,-529993827,default,TRAIN,155910.3,156208.6,298.3125,CAPTURE,0,-1,0,0.05,4,1,0,9,1,0,8,0,168.5781,5.046875,0,40.92188,1.921875,0,31.875,0,0,-1,0.7813815,1,1
499,-529993827,default,TRAIN,156209.7,156569.1,359.3594,QUEST_COMPLETE,0,-1,0,0.05,5,1,0,13,5,3,1,0,179.2031,5.28125,0,84.54688,9.5625,39.07813,14.04688,0,0,-1,0.8692325,1,1
500,-529993827,default,TRAIN,156570.2,156953.1,382.9063,QUEST_COMPLETE,0,-1,0,0.05,6,0,0,4,14,0,0,0,248,0,0,63.71875,55.71875,0,0,0,0,-1,0.7094555,1,1
501,-529993827,default,TRAIN,156954.2,158162.8,1208.656,QUEST_COMPLETE,0,-1,0,0.05,19,1,0,15,1,9,28,0,739.9063,2.625,0,218.1563,0.296875,116.3281,104.2031,0,0,-1,0.3736472,1,1
502,-529993827,default,TRAIN,158164,158488.7,324.75,CAPTURE,0,-1,0,0.05,4,0,0,3,2,5,0,0,163.6406,0,0,47.8125,17.03125,58.5,0,0,0,-1,1.292027,1,1
503,-529993827,default,TRAIN,158489.9,158497.6,7.71875,CAPTURE,0,-1,0,0.05,0,0,0,1,0,0,0,0,0,0,0,0,0,0,0,0,0,-1,6.838282,1,1
504,-529993827,default,TRAIN,158498.7,159291.5,792.8125,QUEST_COMPLETE,0,-1,0,0.05,16,0,0,3,8,6,7,0,596.8125,0,0,45.9375,3.890625,81.65625,35.40625,0,0,-1,0.4315011,1,1
505,-529993827,default,TRAIN,159292.6,159448.8,156.2188,CAPTURE,0,-1,0,0.05,1,0,0,0,8,6,0,0,45.23438,0,0,0,17.6875,67.03125,0,0,0,-1,0.9088652,1,1
506,-529993827,default,TRAIN,159449.8,159489.8,39.96875,CAPTURE,0,-1,0,0.05,1,0,0,1,0,0,0,0,0,0,0,23.84375,0,0,0,0,0,-1,1.840483,1,1
507,-529993827,default,TRAIN,159490.8,159570.3,79.5625,CAPTURE,0,-1,0,0.05,1,0,0,0,10,0,0,0,0,0,0,0,21.89063,0,0,0,0,-1,0.6249474,1,1
508,-529993827,default,TRAIN,159571.6,159667.6,95.98438,CAPTURE,0,-1,0,0.05,3,1,0,0,0,1,0,0,68.96875,4.875,0,0,0,5.28125,0,0,0,-1,0.4938249,1,1
509,-529993827,default,TRAIN,159668.8,159992.8,323.9219,QUEST_COMPLETE,0,-1,0,0.05,6,0,0,3,0,0,0,0,246.9531,0,0,36,0,0,0,0,0,-1,0.8535887,1,1
510,-529993827,default,TRAIN,159993.9,160212.3,218.3125,CAPTURE,0,-1,0,0.05,5,0,0,0,0,0,0,0,177.8438,0,0,0,0,0,0,0,0,-1,0.570427,1,1
511,-529993827,default,TRAIN,160213.4,160528.6,315.1719,QUEST_COMPLETE,0,-1,0,0.05,7,1,0,0,0,1,0,0,248.5469,4.84375,0,0,0,11.28125,0,0,0,-1,0.5259267,1,1
512,-529993827,default,TRAIN,160529.7,160678.4,148.7188,CAPTURE,0,-1,0,0.05,4,0,0,0,0,0,0,0,115.4531,0,0,0,0,0,0,0,0,-1,0.3692662,1,1
513,-529993827,default,TRAIN,160679.6,160761.1,81.45313,CAPTURE,0,-1,0,0.05,2,0,0,0,0,0,0,0,44.03125,0,0,0,0,0,0,0,0,-1,0.5808924,1,1
514,-529993827,default,TRAIN,160762.3,160971.9,209.6563,CAPTURE,0,-1,0,0.05,5,0,0,0,0,0,0,0,160.8594,0,0,0,0,0,0,0,0,-1,0.5208864,1,1
515,-529993827,default,TRAIN,160973.3,161068.7,95.45313,CAPTURE,0,-1,0,0.05,2,0,0,0,0,0,0,0,45.07813,0,0,0,0,0,0,0,0,-1,0.1002563,1,1
516,-529993827,default,TRAIN,161069.7,161496.6,426.9063,CAPTURE,0,-1,0,0.05,10,0,0,3,0,0,0,0,368.3281,0,0,15.75,0,0,0,0,0,-1,0.6064218,1,1
517,-529993827,default,TRAIN,161497.7,161640.6,142.8906,CAPTURE,0,-1,0,0.05,1,0,0,8,0,2,0,0,45.14063,0,0,48.79688,0,14.48438,0,0,0,-1,0.9611158,1,1
518,-529993827,default,TRAIN,161641.6,161727.5,85.9375,CAPTURE,0,-1,0,0.05,1,0,0,1,0,2,0,0,0,0,0,4.96875,0,29.78125,0,0,0,-1,1.448974,1,1
519,-529993827,default,TRAIN,161728.6,161751,22.39063,CAPTURE,0,-1,0,0.05,0,0,0,2,0,0,0,0,0,0,0,13.79688,0,0,0,0,0,-1,3.332049,1,1
520,-529993827,default,TRAIN,161752.2,162297.9,545.75,QUEST_COMPLETE,0,-1,0,0.05,7,0,0,10,9,9,9,0,248.6563,0,0,67.79688,84.03125,52.90625,61.15625,0,0,-1,0.4934005,1,1
521,-529993827,default,TRAIN,162298.9,162929.2,630.25,CAPTURE,0,-1,0,0.05,13,0,0,21,9,0,10,0,523.5,0,0,34.4375,2.65625,0,30.96875,0,0,-1,0.4824281,1,1
522,-529993827,default,TRAIN,162930.4,163216.7,286.2969,CAPTURE,0,-1,0,0.05,7,0,0,0,0,0,0,0,253.5938,0,0,0,0,0,0,0,0,-1,0.6826651,1,1
523,-529993827,default,TRAIN,163217.8,163517.6,299.7969,QUEST_COMPLETE,0,-1,0,0.05,6,0,0,9,0,0,0,0,187.2969,0,0,92.34375,0,0,0,0,0,-1,0.4658061,1,1
524,-529993827,default,TRAIN,163518.8,163706.2,187.375,QUEST_COMPLETE,0,-1,0,0.05,4,0,0,0,0,0,0,0,129.0938,0,0,0,0,0,0,0,0,-1,0.3940953,1,1
525,-529993827,default,TRAIN,163707.3,163758.8,51.5,CAPTURE,0,-1,0,0.05,1,0,0,0,0,0,0,0,0,0,0,0,0,0,0,0,0,-1,0.2517682,1,1
526,-529993827,default,TRAIN,163760,163970.8,210.8125,CAPTURE,0,-1,0,0.05,5,0,0,0,0,0,0,0,159.7969,0,0,0,0,0,0,0,0,-1,0.4342744,1,1
527,-529993827,default,TRAIN,163971.9,164269.5,297.5625,QUEST_COMPLETE,0,-1,0,0.05,6,0,0,5,0,0,0,0,204.125,0,0,72.29688,0,0,0,0,0,-1,0.4554838,1,1
528,-529993827,default,TRAIN,164270.5,164393,122.5,CAPTURE,0,-1,0,0.05,1,0,0,6,0,0,0,0,0,0,0,39.4375,0,0,0,0,0,-1,0.1534902,1,1
529,-529993827,default,TRAIN,164394,164747.3,353.2969,QUEST_COMPLETE,0,-1,0,0.05,7,0,0,6,0,0,0,0,217.6094,0,0,68.0625,0,0,0,0,0,-1,0.2741519,1,1
530,-529993827,default,TRAIN,164748.4,165130.7,382.3125,CAPTURE,0,-1,0,0.05,7,0,0,17,0,0,0,0,262.6563,0,0,113.4531,0,0,0,0,0,-1,0.2081124,1,1
531,-529993827,default,TRAIN,165131.8,165345.9,214.0781,CAPTURE,0,-1,0,0.05,5,0,0,0,0,0,0,0,159.6094,0,0,0,0,0,0,0,0,-1,0.1882928,1,1
532,-529993827,default,TRAIN,165347,165909.4,562.4688,CAPTURE,0,-1,0,0.05,8,0,0,7,5,3,2,0,321.6406,0,0,101.4219,44.96875,39.875,13.84375,0,0,-1,0.8685336,1,1
533,-529993827,default,TRAIN,165910.7,166361,450.2969,QUEST_COMPLETE,0,-1,0,0.05,11,0,0,1,0,0,0,0,424.7031,0,0,14.03125,0,0,0,0,0,-1,0.9207603,1,1
534,-529993827,default,TRAIN,166362,166805.4,443.375,QUEST_COMPLETE,0,-1,0,0.05,10,1,0,1,1,1,0,0,362.8906,4.921875,0,16.70313,7.171875,9.5,0,0,0,-1,0.5167548,1,1
535,-529993827,default,TRAIN,166806.4,167119.4,313,CAPTURE,0,-1,0,0.05,7,0,0,0,0,1,0,0,246.5,0,0,0,0,14.09375,0,0,0,-1,0.4215462,1,1
536,-529993827,default,TRAIN,167120.6,167153,32.48438,CAPTURE,0,-1,0,0.05,1,0,0,0,0,0,0,0,0,0,0,0,0,0,0,0,0,-1,0.4819547,1,1
537,-529993827,default,TRAIN,167154.3,167456.6,302.3594,QUEST_COMPLETE,0,-1,0,0.05,4,0,0,9,1,0,7,0,133.25,0,0,98.1875,11.21875,0,21.85938,0,0,-1,0.5796719,1,1
538,-529993827,default,TRAIN,167457.8,167569.6,111.75,CAPTURE,0,-1,0,0.05,2,1,0,0,0,1,1,0,81.07813,2.65625,0,0,0,13.79688,0,0,0,-1,2.18254,1,1
539,-529993827,default,TRAIN,167570.6,168116.7,546.0781,QUEST_COMPLETE,0,-1,0,0.05,9,1,0,4,7,2,11,0,348.4219,2.328125,0,45.78125,62.85938,25.46875,44.89063,0,0,-1,0.3984007,1,1
540,-529993827,default,TRAIN,168117.8,168359.5,241.7188,CAPTURE,0,-1,0,0.05,5,0,0,0,0,0,0,0,172.6719,0,0,0,0,0,0,0,0,-1,0.4291686,1,1
541,-529993827,default,TRAIN,168360.8,168423.5,62.79688,CAPTURE,0,-1,0,0.05,2,0,0,0,0,0,0,0,44.0625,0,0,0,0,0,0,0,0,-1,0.6594175,1,1
542,-529993827,default,TRAIN,168424.7,168784.7,360,QUEST_COMPLETE,0,-1,0,0.05,8,0,0,0,0,1,1,0,298.3594,0,0,0,0,13.64063,8.890625,0,0,-1,0.4317881,1,1
543,-529993827,default,TRAIN,168785.7,169162.4,376.6875,CAPTURE,0,-1,0,0.05,4,0,0,10,1,11,1,0,165.8125,0,0,66.15625,0.296875,117.9063,5.71875,0,0,-1,0.8984218,1,1
544,-529993827,default,TRAIN,169163.5,169451.4,287.9688,CAPTURE,0,-1,0,0.05,3,0,0,1,0,14,8,0,104.2031,0,0,15.70313,0,129.4063,32.65625,0,0,-1,0.7897692,1,1
545,-529993827,default,TRAIN,169452.6,169923,470.4531,CAPTURE,0,-1,0,0.05,7,0,0,0,5,8,1,0,273.4531,0,0,0,44.57813,112.0781,15.01563,0,0,-1,1.09388,1,1
546,-529993827,default,TRAIN,169924,170501.2,577.2188,QUEST_COMPLETE,0,-1,0,0.05,9,1,0,7,13,9,3,0,317.3125,5.203125,0,75.25,15,121.6406,24.875,0,0,-1,0.4685827,1,1
547,-529993827,default,TRAIN,170502.3,170631.5,129.25,CAPTURE,0,-1,0,0.05,1,0,0,9,0,0,0,0,45.1875,0,0,53.65625,0,0,0,0,0,-1,1.076747,1,1
548,-529993827,default,TRAIN,170632.6,170684,51.39063,CAPTURE,0,-1,0,0.05,1,0,0,3,0,0,0,0,0,0,0,4.34375,0,0,0,0,0,-1,0.8361735,1,1
549,-529993827,default,TRAIN,170685.2,170998.5,313.3125,QUEST_COMPLETE,0,-1,0,0.05,7,0,0,3,0,0,0,0,245.6875,0,0,42.48438,0,0,0,0,0,-1,0.5076906,1,1
550,-529993827,default,TRAIN,170999.5,171532.3,532.75,QUEST_COMPLETE,0,-1,0,0.05,8,0,0,13,6,2,8,0,260.5625,0,0,138.6719,1.8125,27.70313,44.1875,0,0,-1,0.2984321,1,1
551,-529993827,default,TRAIN,171533.3,171872.6,339.3281,CAPTURE,0,-1,0,0.05,8,0,0,9,15,0,0,0,288.6094,0,0,13.3125,4.359375,0,0,0,0,-1,0.4148835,1,1
552,-529993827,default,TRAIN,171873.7,172072.5,198.8125,CAPTURE,0,-1,0,0.05,4,0,0,0,0,0,0,0,129.3281,0,0,0,0,0,0,0,0,-1,0.5230978,1,1
553,-529993827,default,TRAIN,172073.7,172451.2,377.5469,CAPTURE,0,-1,0,0.05,5,1,0,9,0,3,4,0,193.0625,5.34375,0,76.65625,0,30.29688,23.75,0,0,-1,0.9006689,1,1
554,-529993827,default,TRAIN,172452.3,172783.9,331.5781,CAPTURE,0,-1,0,0.05,3,1,0,8,0,24,7,0,70.71875,5.140625,0,82.3125,0,139.8594,24.35938,0,0,-1,0.3541446,1,1
555,-529993827,default,TRAIN,172785,172833.3,48.375,CAPTURE,0,-1,0,0.05,1,0,0,0,0,0,0,0,0,0,0,0,0,0,0,0,0,-1,0.203512,1,1
556,-529993827,default,TRAIN,172834.5,173362.2,527.6875,QUEST_COMPLETE,0,-1,0,0.05,9,0,0,9,0,0,0,0,394.6719,0,0,85.48438,0,0,0,0,0,-1,0.8538756,1,1
557,-529993827,default,TRAIN,173363.2,173886.2,522.9688,QUEST_COMPLETE,0,-1,0,0.05,9,0,0,15,1,2,0,0,326.9688,0,0,142.5938,1.859375,22.73438,0,0,0,-1,0.4573027,1,1
558,-529993827,default,TRAIN,173887.3,174236.8,349.4844,QUEST_COMPLETE,0,-1,0,0.05,4,0,0,10,11,3,7,0,113.25,0,0,95.15625,3.21875,37.90625,30.21875,0,0,-1,0.3640644,1,1
559,-529993827,default,TRAIN,174237.9,174731.3,493.4063,CAPTURE,0,-1,0,0.05,8,0,0,20,8,0,0,0,336.4844,0,0,89.79688,2.5,0,0,0,0,-1,0.6260989,1,1
560,-529993827,default,TRAIN,174732.5,174801.2,68.70313,CAPTURE,0,-1,0,0.05,1,0,0,1,10,0,0,0,0,0,0,4.921875,19.35938,0,0,0,0,-1,0.8068055,1,1
561,-529993827,default,TRAIN,174802.3,175025.7,223.4063,QUEST_COMPLETE,0,-1,0,0.05,4,0,0,1,0,0,0,0,134.375,0,0,20.95313,0,0,0,0,0,-1,0.669111,1,1
562,-529993827,default,TRAIN,175026.7,175137.6,110.9063,CAPTURE,0,-1,0,0.05,3,0,0,0,0,0,0,0,86.45313,0,0,0,0,0,0,0,0,-1,0.5490317,1,1
563,-529993827,default,TRAIN,175138.8,175241.8,103.0313,CAPTURE,0,-1,0,0.05,3,0,0,3,0,0,0,0,84.46875,0,0,4.234375,0,0,0,0,0,-1,0.2761781,1,1
564,-529993827,default,TRAIN,175242.9,175352.9,109.9219,CAPTURE,0,-1,0,0.05,2,0,0,0,0,1,0,0,76.78125,0,0,0,0,0,0,0,0,-1,2.492854,1,1
565,-529993827,default,TRAIN,175354,175384.2,30.21875,CAPTURE,0,-1,0,0.05,1,0,0,1,0,0,0,0,0,0,0,4.78125,0,0,0,0,0,-1,1.57119,1,1
566,-529993827,default,TRAIN,175385.3,175767.5,382.1875,CAPTURE,0,-1,0,0.05,4,0,0,6,8,1,0,0,166.7031,0,0,94.48438,90.40625,0,0,0,0,-1,0.8496877,1,1
567,-529993827,default,TRAIN,175768.5,175818.2,49.625,CAPTURE,0,-1,0,0.05,1,0,0,1,0,0,0,0,0,0,0,4.234375,0,0,0,0,0,-1,1.401065,1,1
568,-529993827,default,TRAIN,175819.4,176307.9,488.5469,QUEST_COMPLETE,0,-1,0,0.05,10,0,0,13,8,0,0,0,422.9844,0,0,47.53125,2.4375,0,0,0,0,-1,0.6651459,1,1
569,-529993827,default,TRAIN,176309.1,176552.7,243.6094,CAPTURE,0,-1,0,0.05,6,0,0,0,0,0,0,0,218.0156,0,0,0,0,0,0,0,0,-1,0.7268621,1,1
570,-529993827,default,TRAIN,176554,176808.9,254.9375,CAPTURE,0,-1,0,0.05,6,0,0,1,0,0,0,0,202.5938,0,0,23.375,0,0,0,0,0,-1,0.4272721,1,1
571,-529993827,default,TRAIN,176810.3,176965.4,155.0781,CAPTURE,0,-1,0,0.05,4,0,0,0,0,0,0,0,129.7344,0,0,0,0,0,0,0,0,-1,0.6739634,1,1
572,-529993827,default,TRAIN,176966.6,177188.3,221.7656,CAPTURE,0,-1,0,0.05,5,0,0,0,1,0,0,0,162,0,0,0,0.34375,0,0,0,0,-1,0.6453341,1,1
573,-529993827,default,TRAIN,177189.4,177295.5,106.125,CAPTURE,0,-1,0,0.05,1,1,0,0,0,2,0,0,29.21875,5.1875,0,0,0,15.3125,0,0,0,-1,2.368541,1,1
574,-529993827,default,TRAIN,177296.7,177551,254.375,CAPTURE,0,-1,0,0.05,6,0,0,1,0,3,0,0,214.2188,0,0,4.265625,0,24.82813,0,0,0,-1,1.434394,1,1
575,-529993827,default,TRAIN,177552.2,177819.7,267.5469,CAPTURE,0,-1,0,0.05,7,0,0,0,0,2,0,0,223.1719,0,0,0,0,22.75,0,0,0,-1,1.062174,1,1
576,-529993827,default,TRAIN,177820.8,178312.6,491.8906,QUEST_COMPLETE,0,-1,0,0.05,11,0,0,0,5,0,0,0,465.6094,0,0,0,1.21875,0,0,0,0,-1,1.216146,1,1
577,-529993827,default,TRAIN,178313.7,178389.5,75.875,CAPTURE,0,-1,0,0.05,2,0,0,0,0,0,0,0,45.03125,0,0,0,0,0,0,0,0,-1,0.4811097,1,1
578,-529993827,default,TRAIN,178390.5,179054,663.4531,CAPTURE,0,-1,0,0.05,14,0,0,2,8,1,1,0,586.3281,0,0,13.71875,2.390625,12.85938,13.4375,0,0,-1,0.7958866,1,1
579,-529993827,default,TRAIN,179055.2,179223.4,168.2188,CAPTURE,0,-1,0,0.05,4,0,0,1,1,0,0,0,126.75,0,0,13.46875,10.57813,0,0,0,0,-1,1.004072,1,1
580,-529993827,default,TRAIN,179224.5,179368.4,143.9063,CAPTURE,0,-1,0,0.05,1,0,0,0,7,6,2,0,20.95313,0,0,0,15.82813,64.10938,12.875,0,0,-1,1.049757,1,1
581,-529993827,default,TRAIN,179369.5,179928.7,559.25,QUEST_COMPLETE,0,-1,0,0.05,11,0,0,2,0,3,0,0,430.5469,0,0,42.98438,0,39.15625,0,0,0,-1,0.8560101,1,1
582,-529993827,default,TRAIN,179929.7,180759.1,829.3438,QUEST_COMPLETE,0,-1,0,0.05,12,0,0,19,1,2,10,0,491.75,0,0,229.1875,1.84375,28.96875,60.17188,0,0,-1,0.5116357,1,1
583,-529993827,default,TRAIN,180760.1,180857.1,96.92188,CAPTURE,0,-1,0,0.05,2,0,0,0,0,1,0,0,36.85938,0,0,0,0,13.26563,0,0,0,-1,0.701601,1,1
584,-529993827,default,TRAIN,180858.1,181392.5,534.4375,QUEST_COMPLETE,0,-1,0,0.05,11,0,0,8,1,3,1,0,423.7656,0,0,30.75,4.296875,44.09375,9.828125,0,0,-1,0.4462736,1,1
585,-529993827,default,TRAIN,181393.7,181742.7,349.0469,QUEST_COMPLETE,0,-1,0,0.05,7,0,0,1,1,0,2,0,247.6875,0,0,25.14063,0.28125,0,27.64063,0,0,-1,0.356515,1,1
586,-529993827,default,TRAIN,181743.9,182219.6,475.7344,QUEST_COMPLETE,0,-1,0,0.05,6,0,0,4,17,0,4,0,264.625,0,0,69.65625,73.82813,0,40.6875,0,0,-1,0.642011,1,1
587,-529993827,default,TRAIN,182220.6,182278.4,57.73438,CAPTURE,0,-1,0,0.05,0,0,0,11,9,1,0,0,0,0,0,40.25,2.6875,0,0,0,0,-1,0.9126655,1,1
588,-529993827,default,TRAIN,182279.5,182721.7,442.1875,QUEST_COMPLETE,0,-1,0,0.05,4,0,0,23,0,8,14,0,159.7969,0,0,190.6406,0,27.60938,63.03125,0,0,-1,0.5630476,1,1
589,-529993827,default,TRAIN,182722.9,183087.3,364.4063,CAPTURE,0,-1,0,0.05,5,0,0,26,4,0,2,0,180.625,0,0,117.3594,7.75,0,27.6875,0,0,-1,0.3415216,1,1
590,-529993827,default,TRAIN,183088.3,183539.6,451.2969,QUEST_COMPLETE,0,-1,0,0.05,6,0,0,10,14,8,2,0,247.5469,0,0,82.92188,4.359375,60.67188,25.73438,0,0,-1,0.3814745,1,1
591,-529993827,default,TRAIN,183540.7,184145,604.2969,QUEST_COMPLETE,0,-1,0,0.05,9,0,0,28,16,3,5,0,335.1406,0,0,118.5625,6.4375,39.0625,65.5,0,0,-1,0.4176839,1,1
592,-529993827,default,TRAIN,184146,184505.9,359.875,QUEST_COMPLETE,0,-1,0,0.05,4,0,0,23,19,0,2,0,153.25,0,0,132.7344,19.8125,0,24.78125,0,0,-1,0.4610218,1,1
593,-529993827,default,TRAIN,184507.1,184897.5,390.3594,CAPTURE,0,-1,0,0.05,7,0,0,6,0,0,1,0,265.1563,0,0,55.98438,0,0,14.48438,0,0,-1,1.081543,1,1
594,-529993827,default,TRAIN,184898.7,185534,635.375,CAPTURE,0,-1,0,0.05,8,0,0,26,32,0,12,0,327.125,0,0,95.3125,117.2656,0,67.48438,0,0,-1,0.5650849,1,1
595,-529993827,default,TRAIN,185535,185609.9,74.85938,CAPTURE,0,-1,0,0.05,1,0,0,2,0,1,0,0,41.75,0,0,8.953125,0,0,0,0,0,-1,2.136095,1,1
596,-529993827,default,TRAIN,185611,185660.5,49.54688,CAPTURE,0,-1,0,0.05,1,0,0,10,0,0,0,0,0,0,0,14.70313,0,0,0,0,0,-1,0.7961322,1,1
597,-529993827,default,TRAIN,185661.7,185892.4,230.7031,CAPTURE,0,-1,0,0.05,5,0,0,0,1,0,1,0,163.4375,0,0,0,0.3125,0,15.21875,0,0,-1,0.2710989,1,1
598,-529993827,default,TRAIN,185893.8,185987.1,93.375,CAPTURE,0,-1,0,0.05,3,0,0,1,0,1,0,0,35.20313,0,0,7.8125,0,14.79688,0,0,0,-1,0.5761717,1,1
599,-529993827,default,TRAIN,185988.3,186394.1,405.8125,QUEST_COMPLETE,0,-1,0,0.05,9,0,0,4,0,0,2,0,308.4375,0,0,55.6875,0,0,29.625,0,0,-1,0.5835112,1,1
600,-529993827,default,TRAIN,186395.3,186827.9,432.6563,QUEST_COMPLETE,0,-1,0,0.05,7,0,0,12,9,0,1,0,247.8906,0,0,38.32813,87.45313,0,11.07813,0,0,-1,0.4970945,1,1
